BFItem      1205, 1, 9943, E9:70:AB:45:DF:06, -30, 8, 38
BFItem       130, 2, 9958, EA:D2:1B:15:A3:08, -31, 8, 38
BFItem      4999, 3, 10069, C6:51:BC:E4:0A:00, -36, 8, 39
BFItem      1290, 4, 10357, EF:F3:F2:34:B9:05, -34, 8, 39
BFItem      1820, 5, 10473, C6:0D:29:0E:D8:04, -53, 8, 37
BFItem      1206, 6, 10954, E9:70:AB:45:DF:06, -39, 8, 39
BFItem       131, 7, 10968, EA:D2:1B:15:A3:08, -31, 8, 39
BFItem      5000, 8, 11081, C6:51:BC:E4:0A:00, -33, 8, 37
BFItem      1291, 9, 11363, EF:F3:F2:34:B9:05, -30, 8, 37
BFItem      1821, 10, 11482, C6:0D:29:0E:D8:04, -54, 8, 38
BFItem      1207, 11, 11963, E9:70:AB:45:DF:06, -32, 8, 37
BFItem       132, 12, 11976, EA:D2:1B:15:A3:08, -36, 8, 37
BFItem      5001, 13, 12085, C6:51:BC:E4:0A:00, -36, 8, 38
BFItem      1292, 14, 12375, EF:F3:F2:34:B9:05, -37, 8, 38
BFItem      1822, 15, 12488, C6:0D:29:0E:D8:04, -43, 8, 39
BFItem      3245, 16, 12941, CD:2C:DF:8F:F4:01, -17, 8, 38
BFItem      1208, 17, 12975, E9:70:AB:45:DF:06, -30, 8, 38
BFItem       133, 18, 12989, EA:D2:1B:15:A3:08, -32, 8, 38
BFItem      1293, 19, 13385, EF:F3:F2:34:B9:05, -34, 8, 39
BFItem      1965, 20, 13846, D1:83:FE:03:9C:03, -40, 8, 38
BFItem      3246, 21, 13954, CD:2C:DF:8F:F4:01, -18, 8, 39
BFItem      1209, 22, 13986, E9:70:AB:45:DF:06, -38, 8, 39
BFItem      1966, 23, 14852, D1:83:FE:03:9C:03, -30, 8, 39
BFItem      3247, 24, 14963, CD:2C:DF:8F:F4:01, -18, 8, 37
BFItem      1967, 25, 15857, D1:83:FE:03:9C:03, -36, 8, 37
BFItem      3248, 26, 15976, CD:2C:DF:8F:F4:01, -17, 8, 38
BFItem       260, 27, 16144, E0:C4:A3:54:D2:07, -34, 8, 37
BFItem      1968, 28, 16868, D1:83:FE:03:9C:03, -40, 8, 38
BFItem      3249, 29, 16984, CD:2C:DF:8F:F4:01, -18, 8, 39
BFItem       261, 30, 17150, E0:C4:A3:54:D2:07, -37, 8, 38
BFItem      1969, 31, 17880, D1:83:FE:03:9C:03, -30, 8, 39
BFItem      5007, 32, 18142, C6:51:BC:E4:0A:00, -42, 8, 39
BFItem       262, 33, 18158, E0:C4:A3:54:D2:07, -31, 8, 39
BFItem      1970, 34, 18885, D1:83:FE:03:9C:03, -36, 8, 37
BFItem      5008, 35, 19149, C6:51:BC:E4:0A:00, -33, 8, 37
BFItem       263, 36, 19161, E0:C4:A3:54:D2:07, -34, 8, 37
BFItem      1829, 37, 19546, C6:0D:29:0E:D8:04, -53, 8, 38
BFItem      1215, 38, 20044, E9:70:AB:45:DF:06, -32, 8, 37
BFItem       140, 39, 20048, EA:D2:1B:15:A3:08, -35, 8, 37
BFItem      5009, 40, 20160, C6:51:BC:E4:0A:00, -35, 8, 38
BFItem       264, 41, 20171, E0:C4:A3:54:D2:07, -37, 8, 38
BFItem      1830, 42, 20559, C6:0D:29:0E:D8:04, -42, 8, 39
BFItem      1216, 43, 21055, E9:70:AB:45:DF:06, -30, 8, 38
BFItem       141, 44, 21057, EA:D2:1B:15:A3:08, -31, 8, 38
BFItem      5010, 45, 21175, C6:51:BC:E4:0A:00, -36, 8, 39
BFItem       265, 46, 21182, E0:C4:A3:54:D2:07, -31, 8, 39
BFItem      1301, 47, 21448, EF:F3:F2:34:B9:05, -34, 8, 39
BFItem      1831, 48, 21563, C6:0D:29:0E:D8:04, -51, 8, 37
BFItem      1217, 49, 22066, E9:70:AB:45:DF:06, -39, 8, 39
BFItem       142, 50, 22068, EA:D2:1B:15:A3:08, -31, 8, 39
BFItem      5011, 51, 22180, C6:51:BC:E4:0A:00, -33, 8, 37
BFItem      1302, 52, 22456, EF:F3:F2:34:B9:05, -30, 8, 37
BFItem      1832, 53, 22578, C6:0D:29:0E:D8:04, -54, 8, 38
BFItem      3255, 54, 23043, CD:2C:DF:8F:F4:01, -18, 8, 37
BFItem      1218, 55, 23074, E9:70:AB:45:DF:06, -32, 8, 37
BFItem       143, 56, 23075, EA:D2:1B:15:A3:08, -35, 8, 37
BFItem      1303, 57, 23464, EF:F3:F2:34:B9:05, -37, 8, 38
BFItem      1833, 58, 23584, C6:0D:29:0E:D8:04, -42, 8, 39
BFItem      3256, 59, 24057, CD:2C:DF:8F:F4:01, -17, 8, 38
BFItem      1219, 60, 24080, E9:70:AB:45:DF:06, -30, 8, 38
BFItem       144, 61, 24085, EA:D2:1B:15:A3:08, -31, 8, 38
BFItem      1304, 62, 24476, EF:F3:F2:34:B9:05, -34, 8, 39
BFItem      3257, 63, 25071, CD:2C:DF:8F:F4:01, -18, 8, 39
BFItem      1220, 64, 25086, E9:70:AB:45:DF:06, -39, 8, 39
BFItem      1305, 65, 25482, EF:F3:F2:34:B9:05, -30, 8, 37
BFItem      1977, 66, 25951, D1:83:FE:03:9C:03, -30, 8, 39
BFItem      3258, 67, 26073, CD:2C:DF:8F:F4:01, -18, 8, 37
BFItem      1978, 68, 26959, D1:83:FE:03:9C:03, -36, 8, 37
BFItem      3259, 69, 27087, CD:2C:DF:8F:F4:01, -18, 8, 38
BFItem      1979, 70, 27968, D1:83:FE:03:9C:03, -41, 8, 38
BFItem       272, 71, 28258, E0:C4:A3:54:D2:07, -36, 8, 38
BFItem      1980, 72, 28976, D1:83:FE:03:9C:03, -30, 8, 39
BFItem       273, 73, 29272, E0:C4:A3:54:D2:07, -31, 8, 39
BFItem      1839, 74, 29646, C6:0D:29:0E:D8:04, -52, 8, 37
BFItem      1981, 75, 29985, D1:83:FE:03:9C:03, -36, 8, 37
BFItem       150, 76, 30144, EA:D2:1B:15:A3:08, -31, 8, 39
BFItem      5019, 77, 30246, C6:51:BC:E4:0A:00, -33, 8, 37
BFItem       274, 78, 30281, E0:C4:A3:54:D2:07, -34, 8, 37
BFItem      1840, 79, 30654, C6:0D:29:0E:D8:04, -55, 8, 38
BFItem       151, 80, 31152, EA:D2:1B:15:A3:08, -37, 8, 37
BFItem      5020, 81, 31251, C6:51:BC:E4:0A:00, -35, 8, 38
BFItem      1311, 82, 31547, EF:F3:F2:34:B9:05, -37, 8, 38
BFItem      1841, 83, 31662, C6:0D:29:0E:D8:04, -42, 8, 39
BFItem      1227, 84, 32158, E9:70:AB:45:DF:06, -30, 8, 38
BFItem       152, 85, 32165, EA:D2:1B:15:A3:08, -31, 8, 38
BFItem      5021, 86, 32260, C6:51:BC:E4:0A:00, -37, 8, 39
BFItem      1312, 87, 32561, EF:F3:F2:34:B9:05, -34, 8, 39
BFItem      1842, 88, 32666, C6:0D:29:0E:D8:04, -49, 8, 37
BFItem      3265, 89, 33147, CD:2C:DF:8F:F4:01, -18, 8, 39
BFItem      1228, 90, 33166, E9:70:AB:45:DF:06, -38, 8, 39
BFItem       153, 91, 33170, EA:D2:1B:15:A3:08, -31, 8, 39
BFItem      5022, 92, 33272, C6:51:BC:E4:0A:00, -33, 8, 37
BFItem      1313, 93, 33565, EF:F3:F2:34:B9:05, -30, 8, 37
BFItem      1843, 94, 33675, C6:0D:29:0E:D8:04, -53, 8, 38
BFItem      3266, 95, 34154, CD:2C:DF:8F:F4:01, -18, 8, 37
BFItem       154, 96, 34176, EA:D2:1B:15:A3:08, -35, 8, 37
BFItem      5023, 97, 34288, C6:51:BC:E4:0A:00, -36, 8, 38
BFItem      1314, 98, 34575, EF:F3:F2:34:B9:05, -38, 8, 38
BFItem      1844, 99, 34686, C6:0D:29:0E:D8:04, -42, 8, 39
BFItem      3267, 100, 35169, CD:2C:DF:8F:F4:01, -18, 8, 38
BFItem       155, 101, 35182, EA:D2:1B:15:A3:08, -31, 8, 38
BFItem      1230, 102, 35183, E9:70:AB:45:DF:06, -30, 8, 38
BFItem      1315, 103, 35585, EF:F3:F2:34:B9:05, -34, 8, 39
BFItem      1987, 104, 36048, D1:83:FE:03:9C:03, -41, 8, 38
BFItem      3268, 105, 36182, CD:2C:DF:8F:F4:01, -18, 8, 39
BFItem      1988, 106, 37061, D1:83:FE:03:9C:03, -30, 8, 39
BFItem      3269, 107, 37187, CD:2C:DF:8F:F4:01, -18, 8, 37
BFItem       281, 108, 37357, E0:C4:A3:54:D2:07, -31, 8, 39
BFItem      1989, 109, 38065, D1:83:FE:03:9C:03, -36, 8, 37
BFItem       282, 110, 38364, E0:C4:A3:54:D2:07, -34, 8, 37
BFItem       283, 111, 39372, E0:C4:A3:54:D2:07, -36, 8, 38
BFItem      5029, 112, 40347, C6:51:BC:E4:0A:00, -36, 8, 39
BFItem       284, 113, 40380, E0:C4:A3:54:D2:07, -31, 8, 39
BFItem      1850, 114, 40750, C6:0D:29:0E:D8:04, -50, 8, 37
BFItem      5030, 115, 41358, C6:51:BC:E4:0A:00, -33, 8, 37
BFItem       285, 116, 41383, E0:C4:A3:54:D2:07, -34, 8, 37
BFItem      1851, 117, 41756, C6:0D:29:0E:D8:04, -54, 8, 38
BFItem       162, 118, 42249, EA:D2:1B:15:A3:08, -36, 8, 37
BFItem      1237, 119, 42250, E9:70:AB:45:DF:06, -32, 8, 37
BFItem      5031, 120, 42368, C6:51:BC:E4:0A:00, -35, 8, 38
BFItem      1322, 121, 42650, EF:F3:F2:34:B9:05, -40, 8, 38
BFItem      1852, 122, 42764, C6:0D:29:0E:D8:04, -43, 8, 39
BFItem       163, 123, 43261, EA:D2:1B:15:A3:08, -31, 8, 38
BFItem      1238, 124, 43264, E9:70:AB:45:DF:06, -30, 8, 38
BFItem      5032, 125, 43381, C6:51:BC:E4:0A:00, -36, 8, 39
BFItem      1323, 126, 43660, EF:F3:F2:34:B9:05, -34, 8, 39
BFItem      1853, 127, 43771, C6:0D:29:0E:D8:04, -53, 8, 37
BFItem      3276, 128, 44241, CD:2C:DF:8F:F4:01, -18, 8, 39
BFItem       164, 129, 44270, EA:D2:1B:15:A3:08, -31, 8, 39
BFItem      1239, 130, 44276, E9:70:AB:45:DF:06, -40, 8, 39
BFItem      5033, 131, 44387, C6:51:BC:E4:0A:00, -33, 8, 37
BFItem      1324, 132, 44670, EF:F3:F2:34:B9:05, -30, 8, 37
BFItem      1854, 133, 44781, C6:0D:29:0E:D8:04, -56, 8, 38
BFItem      3277, 134, 45250, CD:2C:DF:8F:F4:01, -18, 8, 37
BFItem       165, 135, 45278, EA:D2:1B:15:A3:08, -35, 8, 37
BFItem      1240, 136, 45287, E9:70:AB:45:DF:06, -32, 8, 37
BFItem      1325, 137, 45681, EF:F3:F2:34:B9:05, -37, 8, 38
BFItem      1855, 138, 45789, C6:0D:29:0E:D8:04, -43, 8, 39
BFItem      1997, 139, 46148, D1:83:FE:03:9C:03, -36, 8, 37
BFItem      3278, 140, 46257, CD:2C:DF:8F:F4:01, -17, 8, 38
BFItem       166, 141, 46289, EA:D2:1B:15:A3:08, -31, 8, 38
BFItem      1998, 142, 47154, D1:83:FE:03:9C:03, -39, 8, 38
BFItem      3279, 143, 47268, CD:2C:DF:8F:F4:01, -18, 8, 39
BFItem      1999, 144, 48159, D1:83:FE:03:9C:03, -30, 8, 39
BFItem      3280, 145, 48271, CD:2C:DF:8F:F4:01, -18, 8, 37
BFItem       292, 146, 48453, E0:C4:A3:54:D2:07, -31, 8, 39
BFItem      2000, 147, 49168, D1:83:FE:03:9C:03, -36, 8, 37
BFItem      3281, 148, 49281, CD:2C:DF:8F:F4:01, -18, 8, 38
BFItem       293, 149, 49465, E0:C4:A3:54:D2:07, -34, 8, 37
BFItem      2001, 150, 50181, D1:83:FE:03:9C:03, -41, 8, 38
BFItem      5039, 151, 50445, C6:51:BC:E4:0A:00, -35, 8, 38
BFItem       294, 152, 50475, E0:C4:A3:54:D2:07, -36, 8, 38
BFItem      5040, 153, 51458, C6:51:BC:E4:0A:00, -37, 8, 39
BFItem       295, 154, 51482, E0:C4:A3:54:D2:07, -31, 8, 39
BFItem      1861, 155, 51844, C6:0D:29:0E:D8:04, -52, 8, 37
BFItem       172, 156, 52345, EA:D2:1B:15:A3:08, -31, 8, 39
BFItem      1247, 157, 52348, E9:70:AB:45:DF:06, -39, 8, 39
BFItem      5041, 158, 52462, C6:51:BC:E4:0A:00, -33, 8, 37
BFItem       296, 159, 52485, E0:C4:A3:54:D2:07, -34, 8, 37
BFItem      1332, 160, 52743, EF:F3:F2:34:B9:05, -30, 8, 37
BFItem      1862, 161, 52850, C6:0D:29:0E:D8:04, -55, 8, 38
BFItem       173, 162, 53355, EA:D2:1B:15:A3:08, -36, 8, 37
BFItem      1248, 163, 53357, E9:70:AB:45:DF:06, -32, 8, 37
BFItem      5042, 164, 53476, C6:51:BC:E4:0A:00, -36, 8, 38
BFItem      1333, 165, 53754, EF:F3:F2:34:B9:05, -37, 8, 38
BFItem      1863, 166, 53859, C6:0D:29:0E:D8:04, -42, 8, 39
BFItem       174, 167, 54361, EA:D2:1B:15:A3:08, -31, 8, 38
BFItem      1249, 168, 54366, E9:70:AB:45:DF:06, -30, 8, 38
BFItem      5043, 169, 54483, C6:51:BC:E4:0A:00, -36, 8, 39
BFItem      1334, 170, 54769, EF:F3:F2:34:B9:05, -34, 8, 39
BFItem      1864, 171, 54862, C6:0D:29:0E:D8:04, -50, 8, 37
BFItem       175, 172, 55369, EA:D2:1B:15:A3:08, -31, 8, 39
BFItem      1250, 173, 55378, E9:70:AB:45:DF:06, -39, 8, 39
BFItem      1335, 174, 55772, EF:F3:F2:34:B9:05, -30, 8, 37
BFItem      1865, 175, 55871, C6:0D:29:0E:D8:04, -54, 8, 38
BFItem      2007, 176, 56245, D1:83:FE:03:9C:03, -30, 8, 39
BFItem      3288, 177, 56345, CD:2C:DF:8F:F4:01, -18, 8, 37
BFItem       176, 178, 56375, EA:D2:1B:15:A3:08, -35, 8, 37
BFItem      1251, 179, 56386, E9:70:AB:45:DF:06, -32, 8, 37
BFItem      1336, 180, 56783, EF:F3:F2:34:B9:05, -36, 8, 38
BFItem      1866, 181, 56880, C6:0D:29:0E:D8:04, -42, 8, 39
BFItem      2008, 182, 57248, D1:83:FE:03:9C:03, -36, 8, 37
BFItem      3289, 183, 57352, CD:2C:DF:8F:F4:01, -17, 8, 38
BFItem       177, 184, 57388, EA:D2:1B:15:A3:08, -31, 8, 38
BFItem      1867, 185, 57887, C6:0D:29:0E:D8:04, -52, 8, 37
BFItem      2009, 186, 58259, D1:83:FE:03:9C:03, -40, 8, 38
BFItem      3290, 187, 58366, CD:2C:DF:8F:F4:01, -19, 8, 39
BFItem       302, 188, 58548, E0:C4:A3:54:D2:07, -37, 8, 38
BFItem      2010, 189, 59274, D1:83:FE:03:9C:03, -30, 8, 39
BFItem      3291, 190, 59374, CD:2C:DF:8F:F4:01, -18, 8, 37
BFItem       303, 191, 59562, E0:C4:A3:54:D2:07, -31, 8, 39
BFItem      2011, 192, 60277, D1:83:FE:03:9C:03, -36, 8, 37
BFItem      3292, 193, 60389, CD:2C:DF:8F:F4:01, -17, 8, 38
BFItem       304, 194, 60565, E0:C4:A3:54:D2:07, -34, 8, 37
BFItem      2012, 195, 61286, D1:83:FE:03:9C:03, -40, 8, 38
BFItem      1256, 196, 61442, E9:70:AB:45:DF:06, -32, 8, 37
BFItem       305, 197, 61571, E0:C4:A3:54:D2:07, -37, 8, 38
BFItem      1257, 198, 62454, E9:70:AB:45:DF:06, -30, 8, 38
BFItem      5051, 199, 62548, C6:51:BC:E4:0A:00, -36, 8, 39
BFItem       306, 200, 62584, E0:C4:A3:54:D2:07, -31, 8, 39
BFItem      1342, 201, 62844, EF:F3:F2:34:B9:05, -34, 8, 39
BFItem       183, 202, 63447, EA:D2:1B:15:A3:08, -31, 8, 39
BFItem      1258, 203, 63465, E9:70:AB:45:DF:06, -40, 8, 39
BFItem      5052, 204, 63557, C6:51:BC:E4:0A:00, -33, 8, 37
BFItem       307, 205, 63586, E0:C4:A3:54:D2:07, -34, 8, 37
BFItem      1873, 206, 63951, C6:0D:29:0E:D8:04, -55, 8, 38
BFItem       184, 207, 64453, EA:D2:1B:15:A3:08, -37, 8, 37
BFItem      1259, 208, 64470, E9:70:AB:45:DF:06, -32, 8, 37
BFItem      5053, 209, 64570, C6:51:BC:E4:0A:00, -35, 8, 38
BFItem      1344, 210, 64860, EF:F3:F2:34:B9:05, -37, 8, 38
BFItem      1874, 211, 64963, C6:0D:29:0E:D8:04, -42, 8, 39
BFItem       185, 212, 65460, EA:D2:1B:15:A3:08, -31, 8, 38
BFItem      1260, 213, 65480, E9:70:AB:45:DF:06, -30, 8, 38
BFItem      1345, 214, 65871, EF:F3:F2:34:B9:05, -34, 8, 39
BFItem      1875, 215, 65976, C6:0D:29:0E:D8:04, -51, 8, 37
BFItem       186, 216, 66471, EA:D2:1B:15:A3:08, -31, 8, 39
BFItem      1261, 217, 66487, E9:70:AB:45:DF:06, -39, 8, 39
BFItem      1346, 218, 66878, EF:F3:F2:34:B9:05, -30, 8, 37
BFItem      1876, 219, 66986, C6:0D:29:0E:D8:04, -55, 8, 38
BFItem      2019, 220, 68342, D1:83:FE:03:9C:03, -36, 8, 37
BFItem      3300, 221, 68452, CD:2C:DF:8F:F4:01, -17, 8, 38
BFItem      2020, 222, 69354, D1:83:FE:03:9C:03, -40, 8, 38
BFItem      3301, 223, 69459, CD:2C:DF:8F:F4:01, -18, 8, 39
BFItem      2021, 224, 70368, D1:83:FE:03:9C:03, -30, 8, 39
BFItem       314, 225, 70652, E0:C4:A3:54:D2:07, -31, 8, 39
BFItem      2022, 226, 71375, D1:83:FE:03:9C:03, -36, 8, 37
BFItem      3303, 227, 71483, CD:2C:DF:8F:F4:01, -17, 8, 38
BFItem       315, 228, 71658, E0:C4:A3:54:D2:07, -34, 8, 37
BFItem      1881, 229, 72042, C6:0D:29:0E:D8:04, -56, 8, 38
BFItem      2023, 230, 72388, D1:83:FE:03:9C:03, -39, 8, 38
BFItem      3304, 231, 72490, CD:2C:DF:8F:F4:01, -18, 8, 39
BFItem      1267, 232, 72541, E9:70:AB:45:DF:06, -32, 8, 37
BFItem       316, 233, 72667, E0:C4:A3:54:D2:07, -36, 8, 38
BFItem      1882, 234, 73055, C6:0D:29:0E:D8:04, -42, 8, 39
BFItem       193, 235, 73541, EA:D2:1B:15:A3:08, -31, 8, 38
BFItem      1268, 236, 73554, E9:70:AB:45:DF:06, -30, 8, 38
BFItem      5062, 237, 73652, C6:51:BC:E4:0A:00, -37, 8, 39
BFItem       317, 238, 73683, E0:C4:A3:54:D2:07, -31, 8, 39
BFItem      1883, 239, 74060, C6:0D:29:0E:D8:04, -53, 8, 37
BFItem       194, 240, 74553, EA:D2:1B:15:A3:08, -31, 8, 39
BFItem      1269, 241, 74564, E9:70:AB:45:DF:06, -38, 8, 39
BFItem      5063, 242, 74665, C6:51:BC:E4:0A:00, -33, 8, 37
BFItem      1354, 243, 74948, EF:F3:F2:34:B9:05, -29, 8, 37
BFItem       195, 244, 75562, EA:D2:1B:15:A3:08, -37, 8, 37
BFItem      1270, 245, 75576, E9:70:AB:45:DF:06, -32, 8, 37
BFItem      5064, 246, 75676, C6:51:BC:E4:0A:00, -35, 8, 38
BFItem      1355, 247, 75960, EF:F3:F2:34:B9:05, -37, 8, 38
BFItem      1885, 248, 76079, C6:0D:29:0E:D8:04, -42, 8, 39
BFItem       196, 249, 76570, EA:D2:1B:15:A3:08, -31, 8, 38
BFItem      1271, 250, 76582, E9:70:AB:45:DF:06, -30, 8, 38
BFItem      5065, 251, 76690, C6:51:BC:E4:0A:00, -39, 8, 39
BFItem      1356, 252, 76975, EF:F3:F2:34:B9:05, -34, 8, 39
BFItem      1886, 253, 77087, C6:0D:29:0E:D8:04, -53, 8, 37
BFItem      3309, 254, 77544, CD:2C:DF:8F:F4:01, -18, 8, 39
BFItem       197, 255, 77578, EA:D2:1B:15:A3:08, -31, 8, 39
BFItem      1272, 256, 77590, E9:70:AB:45:DF:06, -39, 8, 39
BFItem      1357, 257, 77988, EF:F3:F2:34:B9:05, -30, 8, 37
BFItem      3310, 258, 78555, CD:2C:DF:8F:F4:01, -18, 8, 37
BFItem       198, 259, 78583, EA:D2:1B:15:A3:08, -35, 8, 37
BFItem      2030, 260, 79449, D1:83:FE:03:9C:03, -36, 8, 37
BFItem      3311, 261, 79561, CD:2C:DF:8F:F4:01, -17, 8, 38
BFItem       323, 262, 79747, E0:C4:A3:54:D2:07, -34, 8, 37
BFItem      2031, 263, 80460, D1:83:FE:03:9C:03, -40, 8, 38
BFItem      3312, 264, 80568, CD:2C:DF:8F:F4:01, -18, 8, 39
BFItem       324, 265, 80759, E0:C4:A3:54:D2:07, -37, 8, 38
BFItem      2032, 266, 81476, D1:83:FE:03:9C:03, -30, 8, 39
BFItem      3313, 267, 81576, CD:2C:DF:8F:F4:01, -18, 8, 37
BFItem       325, 268, 81767, E0:C4:A3:54:D2:07, -31, 8, 39
BFItem      2033, 269, 82485, D1:83:FE:03:9C:03, -36, 8, 37
BFItem      3314, 270, 82589, CD:2C:DF:8F:F4:01, -17, 8, 38
BFItem      5071, 271, 82747, C6:51:BC:E4:0A:00, -33, 8, 37
BFItem       326, 272, 82774, E0:C4:A3:54:D2:07, -34, 8, 37
BFItem      1892, 273, 83148, C6:0D:29:0E:D8:04, -55, 8, 38
BFItem      5072, 274, 83757, C6:51:BC:E4:0A:00, -36, 8, 38
BFItem       327, 275, 83780, E0:C4:A3:54:D2:07, -37, 8, 38
BFItem      1363, 276, 84051, EF:F3:F2:34:B9:05, -36, 8, 38
BFItem      1893, 277, 84162, C6:0D:29:0E:D8:04, -42, 8, 39
BFItem       204, 278, 84642, EA:D2:1B:15:A3:08, -31, 8, 38
BFItem      1279, 279, 84643, E9:70:AB:45:DF:06, -30, 8, 38
BFItem      5073, 280, 84772, C6:51:BC:E4:0A:00, -42, 8, 39
BFItem      1364, 281, 85059, EF:F3:F2:34:B9:05, -34, 8, 39
BFItem       205, 282, 85649, EA:D2:1B:15:A3:08, -31, 8, 39
BFItem      1280, 283, 85651, E9:70:AB:45:DF:06, -38, 8, 39
BFItem      5074, 284, 85784, C6:51:BC:E4:0A:00, -33, 8, 37
BFItem      1365, 285, 86065, EF:F3:F2:34:B9:05, -30, 8, 37
BFItem      1895, 286, 86175, C6:0D:29:0E:D8:04, -55, 8, 38
BFItem      1281, 287, 86654, E9:70:AB:45:DF:06, -32, 8, 37
BFItem       206, 288, 86657, EA:D2:1B:15:A3:08, -36, 8, 37
BFItem      1366, 289, 87082, EF:F3:F2:34:B9:05, -36, 8, 38
BFItem       207, 290, 87664, EA:D2:1B:15:A3:08, -32, 8, 38
BFItem      1282, 291, 87668, E9:70:AB:45:DF:06, -30, 8, 38
BFItem      1367, 292, 88088, EF:F3:F2:34:B9:05, -34, 8, 39
BFItem      2039, 293, 88544, D1:83:FE:03:9C:03, -39, 8, 38
BFItem      3320, 294, 88645, CD:2C:DF:8F:F4:01, -18, 8, 39
BFItem       208, 295, 88669, EA:D2:1B:15:A3:08, -31, 8, 39
BFItem      1283, 296, 88678, E9:70:AB:45:DF:06, -39, 8, 39
BFItem      2040, 297, 89551, D1:83:FE:03:9C:03, -30, 8, 39
BFItem      3321, 298, 89657, CD:2C:DF:8F:F4:01, -18, 8, 37
BFItem       333, 299, 89843, E0:C4:A3:54:D2:07, -31, 8, 39
BFItem      2041, 300, 90561, D1:83:FE:03:9C:03, -36, 8, 37
BFItem      3322, 301, 90665, CD:2C:DF:8F:F4:01, -17, 8, 38
BFItem       210, 302, 90690, EA:D2:1B:15:A3:08, -32, 8, 38
BFItem       334, 303, 90846, E0:C4:A3:54:D2:07, -34, 8, 37
BFItem      2042, 304, 91572, D1:83:FE:03:9C:03, -40, 8, 38
BFItem      3323, 305, 91676, CD:2C:DF:8F:F4:01, -19, 8, 39
BFItem      5080, 306, 91843, C6:51:BC:E4:0A:00, -36, 8, 38
BFItem       335, 307, 91861, E0:C4:A3:54:D2:07, -37, 8, 38
BFItem      2043, 308, 92583, D1:83:FE:03:9C:03, -30, 8, 39
BFItem      3324, 309, 92680, CD:2C:DF:8F:F4:01, -18, 8, 37
BFItem      5081, 310, 92851, C6:51:BC:E4:0A:00, -42, 8, 39
BFItem       336, 311, 92873, E0:C4:A3:54:D2:07, -31, 8, 39
BFItem      1902, 312, 93246, C6:0D:29:0E:D8:04, -54, 8, 37
BFItem      3325, 313, 93685, CD:2C:DF:8F:F4:01, -17, 8, 38
BFItem      5082, 314, 93859, C6:51:BC:E4:0A:00, -33, 8, 37
BFItem       337, 315, 93880, E0:C4:A3:54:D2:07, -34, 8, 37
BFItem      1903, 316, 94251, C6:0D:29:0E:D8:04, -58, 8, 38
BFItem      1289, 317, 94743, E9:70:AB:45:DF:06, -32, 8, 37
BFItem      5083, 318, 94870, C6:51:BC:E4:0A:00, -36, 8, 38
BFItem      1374, 319, 95142, EF:F3:F2:34:B9:05, -37, 8, 38
BFItem      1904, 320, 95260, C6:0D:29:0E:D8:04, -42, 8, 39
BFItem      1290, 321, 95749, E9:70:AB:45:DF:06, -30, 8, 38
BFItem      5084, 322, 95884, C6:51:BC:E4:0A:00, -41, 8, 39
BFItem      1375, 323, 96151, EF:F3:F2:34:B9:05, -33, 8, 39
BFItem      1905, 324, 96265, C6:0D:29:0E:D8:04, -54, 8, 37
BFItem       216, 325, 96752, EA:D2:1B:15:A3:08, -31, 8, 39
BFItem      1291, 326, 96757, E9:70:AB:45:DF:06, -45, 8, 39
BFItem      1376, 327, 97156, EF:F3:F2:34:B9:05, -30, 8, 37
BFItem      1906, 328, 97271, C6:0D:29:0E:D8:04, -58, 8, 38
BFItem       217, 329, 97763, EA:D2:1B:15:A3:08, -36, 8, 37
BFItem      1292, 330, 97766, E9:70:AB:45:DF:06, -32, 8, 37
BFItem      1377, 331, 98166, EF:F3:F2:34:B9:05, -40, 8, 38
BFItem      1907, 332, 98280, C6:0D:29:0E:D8:04, -42, 8, 39
BFItem       218, 333, 98776, EA:D2:1B:15:A3:08, -31, 8, 38
BFItem      1293, 334, 98782, E9:70:AB:45:DF:06, -30, 8, 38
BFItem      1378, 335, 99175, EF:F3:F2:34:B9:05, -34, 8, 39
BFItem      2050, 336, 99642, D1:83:FE:03:9C:03, -39, 8, 38
BFItem       219, 337, 99782, EA:D2:1B:15:A3:08, -31, 8, 39
BFItem      1294, 338, 99788, E9:70:AB:45:DF:06, -39, 8, 39
BFItem       343, 339, 99948, E0:C4:A3:54:D2:07, -37, 8, 38
BFItem      1379, 340, 100181, EF:F3:F2:34:B9:05, -29, 8, 37
BFItem      2051, 341, 100658, D1:83:FE:03:9C:03, -30, 8, 39
BFItem      3332, 342, 100746, CD:2C:DF:8F:F4:01, -18, 8, 37
BFItem       220, 343, 100786, EA:D2:1B:15:A3:08, -34, 8, 37
BFItem       344, 344, 100960, E0:C4:A3:54:D2:07, -31, 8, 39
BFItem      2052, 345, 101670, D1:83:FE:03:9C:03, -36, 8, 37
BFItem      3333, 346, 101760, CD:2C:DF:8F:F4:01, -17, 8, 38
BFItem       345, 347, 101970, E0:C4:A3:54:D2:07, -34, 8, 37
BFItem      2053, 348, 102681, D1:83:FE:03:9C:03, -39, 8, 38
BFItem      3334, 349, 102771, CD:2C:DF:8F:F4:01, -18, 8, 39
BFItem      5091, 350, 102950, C6:51:BC:E4:0A:00, -36, 8, 38
BFItem       346, 351, 102979, E0:C4:A3:54:D2:07, -37, 8, 38
BFItem      2054, 352, 103688, D1:83:FE:03:9C:03, -30, 8, 39
BFItem      3335, 353, 103783, CD:2C:DF:8F:F4:01, -18, 8, 37
BFItem      5092, 354, 103957, C6:51:BC:E4:0A:00, -39, 8, 39
BFItem      5093, 355, 104966, C6:51:BC:E4:0A:00, -33, 8, 37
BFItem      1915, 356, 106349, C6:0D:29:0E:D8:04, -42, 8, 39
BFItem      1301, 357, 106841, E9:70:AB:45:DF:06, -30, 8, 38
BFItem       226, 358, 106845, EA:D2:1B:15:A3:08, -31, 8, 38
BFItem      5095, 359, 106986, C6:51:BC:E4:0A:00, -36, 8, 39
BFItem      1386, 360, 107263, EF:F3:F2:34:B9:05, -34, 8, 39
BFItem      1916, 361, 107361, C6:0D:29:0E:D8:04, -52, 8, 37
BFItem      1302, 362, 107848, E9:70:AB:45:DF:06, -45, 8, 39
BFItem       227, 363, 107855, EA:D2:1B:15:A3:08, -31, 8, 39
BFItem      1387, 364, 108271, EF:F3:F2:34:B9:05, -30, 8, 37
BFItem      1917, 365, 108376, C6:0D:29:0E:D8:04, -55, 8, 38
BFItem      1303, 366, 108853, E9:70:AB:45:DF:06, -32, 8, 37
BFItem       228, 367, 108857, EA:D2:1B:15:A3:08, -35, 8, 37
BFItem       352, 368, 109042, E0:C4:A3:54:D2:07, -31, 8, 39
BFItem      1388, 369, 109279, EF:F3:F2:34:B9:05, -36, 8, 38
BFItem      1918, 370, 109388, C6:0D:29:0E:D8:04, -42, 8, 39
BFItem       229, 371, 109864, EA:D2:1B:15:A3:08, -31, 8, 38
BFItem      1304, 372, 109868, E9:70:AB:45:DF:06, -30, 8, 38
BFItem       353, 373, 110050, E0:C4:A3:54:D2:07, -34, 8, 37
BFItem      1389, 374, 110289, EF:F3:F2:34:B9:05, -34, 8, 39
BFItem      2061, 375, 110752, D1:83:FE:03:9C:03, -40, 8, 38
BFItem      3342, 376, 110841, CD:2C:DF:8F:F4:01, -18, 8, 39
BFItem       230, 377, 110874, EA:D2:1B:15:A3:08, -31, 8, 39
BFItem      1305, 378, 110879, E9:70:AB:45:DF:06, -36, 8, 39
BFItem       354, 379, 111057, E0:C4:A3:54:D2:07, -37, 8, 38
BFItem      2062, 380, 111763, D1:83:FE:03:9C:03, -30, 8, 39
BFItem      3343, 381, 111848, CD:2C:DF:8F:F4:01, -18, 8, 37
BFItem       231, 382, 111883, EA:D2:1B:15:A3:08, -36, 8, 37
BFItem       355, 383, 112068, E0:C4:A3:54:D2:07, -31, 8, 39
BFItem      2063, 384, 112767, D1:83:FE:03:9C:03, -36, 8, 37
BFItem      3344, 385, 112863, CD:2C:DF:8F:F4:01, -17, 8, 38
BFItem       356, 386, 113074, E0:C4:A3:54:D2:07, -35, 8, 37
BFItem      2064, 387, 113782, D1:83:FE:03:9C:03, -40, 8, 38
BFItem      3345, 388, 113873, CD:2C:DF:8F:F4:01, -18, 8, 39
BFItem      5102, 389, 114043, C6:51:BC:E4:0A:00, -35, 8, 38
BFItem       357, 390, 114086, E0:C4:A3:54:D2:07, -37, 8, 38
BFItem      2065, 391, 114790, D1:83:FE:03:9C:03, -30, 8, 39
BFItem      3346, 392, 114876, CD:2C:DF:8F:F4:01, -18, 8, 37
BFItem      5103, 393, 115054, C6:51:BC:E4:0A:00, -39, 8, 39
BFItem      1924, 394, 115445, C6:0D:29:0E:D8:04, -52, 8, 37
BFItem      5104, 395, 116067, C6:51:BC:E4:0A:00, -33, 8, 37
BFItem      1925, 396, 116459, C6:0D:29:0E:D8:04, -54, 8, 38
BFItem      5105, 397, 117074, C6:51:BC:E4:0A:00, -35, 8, 38
BFItem      1396, 398, 117343, EF:F3:F2:34:B9:05, -37, 8, 38
BFItem      1926, 399, 117466, C6:0D:29:0E:D8:04, -42, 8, 39
BFItem       237, 400, 117941, EA:D2:1B:15:A3:08, -32, 8, 38
BFItem      1312, 401, 117944, E9:70:AB:45:DF:06, -30, 8, 38
BFItem      5106, 402, 118083, C6:51:BC:E4:0A:00, -36, 8, 39
BFItem      1397, 403, 118359, EF:F3:F2:34:B9:05, -34, 8, 39
BFItem      1927, 404, 118479, C6:0D:29:0E:D8:04, -52, 8, 37
BFItem       238, 405, 118956, EA:D2:1B:15:A3:08, -31, 8, 39
BFItem      1313, 406, 118958, E9:70:AB:45:DF:06, -43, 8, 39
BFItem      5107, 407, 119086, C6:51:BC:E4:0A:00, -33, 8, 37
BFItem      1398, 408, 119366, EF:F3:F2:34:B9:05, -30, 8, 37
BFItem      1928, 409, 119485, C6:0D:29:0E:D8:04, -54, 8, 38
BFItem       239, 410, 119965, EA:D2:1B:15:A3:08, -35, 8, 37
BFItem      1314, 411, 119970, E9:70:AB:45:DF:06, -32, 8, 37
BFItem       363, 412, 120146, E0:C4:A3:54:D2:07, -31, 8, 39
BFItem      2071, 413, 120844, D1:83:FE:03:9C:03, -36, 8, 37
BFItem      1315, 414, 120976, E9:70:AB:45:DF:06, -30, 8, 38
BFItem       240, 415, 120979, EA:D2:1B:15:A3:08, -31, 8, 38
BFItem       364, 416, 121153, E0:C4:A3:54:D2:07, -34, 8, 37
BFItem      1400, 417, 121389, EF:F3:F2:34:B9:05, -34, 8, 39
BFItem      2072, 418, 121856, D1:83:FE:03:9C:03, -40, 8, 38
BFItem       241, 419, 121989, EA:D2:1B:15:A3:08, -31, 8, 39
BFItem       365, 420, 122166, E0:C4:A3:54:D2:07, -37, 8, 38
BFItem      2073, 421, 122870, D1:83:FE:03:9C:03, -30, 8, 39
BFItem       366, 422, 123174, E0:C4:A3:54:D2:07, -31, 8, 39
BFItem      2074, 423, 123874, D1:83:FE:03:9C:03, -36, 8, 37
BFItem      3355, 424, 123954, CD:2C:DF:8F:F4:01, -17, 8, 38
BFItem       367, 425, 124178, E0:C4:A3:54:D2:07, -34, 8, 37
BFItem      2075, 426, 124889, D1:83:FE:03:9C:03, -40, 8, 38
BFItem      3356, 427, 124967, CD:2C:DF:8F:F4:01, -18, 8, 39
BFItem      5113, 428, 125141, C6:51:BC:E4:0A:00, -35, 8, 38
BFItem       368, 429, 125188, E0:C4:A3:54:D2:07, -37, 8, 38
BFItem      3357, 430, 125974, CD:2C:DF:8F:F4:01, -18, 8, 37
BFItem      5114, 431, 126148, C6:51:BC:E4:0A:00, -37, 8, 39
BFItem      1405, 432, 126445, EF:F3:F2:34:B9:05, -34, 8, 39
BFItem      1935, 433, 126544, C6:0D:29:0E:D8:04, -53, 8, 37
BFItem      3358, 434, 126989, CD:2C:DF:8F:F4:01, -17, 8, 38
BFItem       246, 435, 127047, EA:D2:1B:15:A3:08, -31, 8, 39
BFItem      5115, 436, 127151, C6:51:BC:E4:0A:00, -33, 8, 37
BFItem      1406, 437, 127457, EF:F3:F2:34:B9:05, -30, 8, 37
BFItem      1936, 438, 127549, C6:0D:29:0E:D8:04, -55, 8, 38
BFItem      1322, 439, 128044, E9:70:AB:45:DF:06, -32, 8, 37
BFItem       247, 440, 128058, EA:D2:1B:15:A3:08, -34, 8, 37
BFItem      1407, 441, 128466, EF:F3:F2:34:B9:05, -37, 8, 38
BFItem      1937, 442, 128555, C6:0D:29:0E:D8:04, -47, 8, 39
BFItem      1323, 443, 129050, E9:70:AB:45:DF:06, -30, 8, 38
BFItem       248, 444, 129066, EA:D2:1B:15:A3:08, -31, 8, 38
BFItem      5117, 445, 129172, C6:51:BC:E4:0A:00, -42, 8, 39
BFItem      1408, 446, 129475, EF:F3:F2:34:B9:05, -34, 8, 39
BFItem      1938, 447, 129558, C6:0D:29:0E:D8:04, -53, 8, 37
BFItem      1324, 448, 130062, E9:70:AB:45:DF:06, -36, 8, 39
BFItem       249, 449, 130072, EA:D2:1B:15:A3:08, -31, 8, 39
BFItem      5118, 450, 130184, C6:51:BC:E4:0A:00, -33, 8, 37
BFItem      1409, 451, 130481, EF:F3:F2:34:B9:05, -30, 8, 37
BFItem      1939, 452, 130570, C6:0D:29:0E:D8:04, -55, 8, 38
BFItem      2081, 453, 130947, D1:83:FE:03:9C:03, -30, 8, 39
BFItem      1325, 454, 131067, E9:70:AB:45:DF:06, -32, 8, 37
BFItem       250, 455, 131083, EA:D2:1B:15:A3:08, -37, 8, 37
BFItem       374, 456, 131242, E0:C4:A3:54:D2:07, -31, 8, 39
BFItem      1940, 457, 131583, C6:0D:29:0E:D8:04, -42, 8, 39
BFItem      2082, 458, 131951, D1:83:FE:03:9C:03, -36, 8, 37
BFItem       375, 459, 132246, E0:C4:A3:54:D2:07, -34, 8, 37
BFItem      2083, 460, 132964, D1:83:FE:03:9C:03, -40, 8, 38
BFItem      1327, 461, 133082, E9:70:AB:45:DF:06, -38, 8, 39
BFItem       376, 462, 133259, E0:C4:A3:54:D2:07, -37, 8, 38
BFItem      2084, 463, 133971, D1:83:FE:03:9C:03, -30, 8, 39
BFItem      3365, 464, 134049, CD:2C:DF:8F:F4:01, -18, 8, 37
BFItem      1328, 465, 134087, E9:70:AB:45:DF:06, -32, 8, 37
BFItem       377, 466, 134264, E0:C4:A3:54:D2:07, -31, 8, 39
BFItem      2085, 467, 134975, D1:83:FE:03:9C:03, -36, 8, 37
BFItem      3366, 468, 135056, CD:2C:DF:8F:F4:01, -17, 8, 38
BFItem       378, 469, 135267, E0:C4:A3:54:D2:07, -34, 8, 37
BFItem      2086, 470, 135988, D1:83:FE:03:9C:03, -40, 8, 38
BFItem      3367, 471, 136063, CD:2C:DF:8F:F4:01, -18, 8, 39
BFItem       379, 472, 136273, E0:C4:A3:54:D2:07, -39, 8, 38
BFItem      1415, 473, 136551, EF:F3:F2:34:B9:05, -37, 8, 38
BFItem      3368, 474, 137066, CD:2C:DF:8F:F4:01, -18, 8, 37
BFItem       256, 475, 137146, EA:D2:1B:15:A3:08, -32, 8, 38
BFItem      5125, 476, 137244, C6:51:BC:E4:0A:00, -37, 8, 39
BFItem       380, 477, 137284, E0:C4:A3:54:D2:07, -31, 8, 39
BFItem      1416, 478, 137563, EF:F3:F2:34:B9:05, -34, 8, 39
BFItem      3369, 479, 138076, CD:2C:DF:8F:F4:01, -17, 8, 38
BFItem       257, 480, 138160, EA:D2:1B:15:A3:08, -31, 8, 39
BFItem      5126, 481, 138248, C6:51:BC:E4:0A:00, -33, 8, 37
BFItem      1417, 482, 138572, EF:F3:F2:34:B9:05, -30, 8, 37
BFItem      3370, 483, 139087, CD:2C:DF:8F:F4:01, -18, 8, 39
BFItem       258, 484, 139164, EA:D2:1B:15:A3:08, -35, 8, 37
BFItem      1418, 485, 139579, EF:F3:F2:34:B9:05, -37, 8, 38
BFItem      1948, 486, 139649, C6:0D:29:0E:D8:04, -42, 8, 39
BFItem      1334, 487, 140145, E9:70:AB:45:DF:06, -30, 8, 38
BFItem       259, 488, 140178, EA:D2:1B:15:A3:08, -31, 8, 38
BFItem      5128, 489, 140268, C6:51:BC:E4:0A:00, -36, 8, 39
BFItem      1949, 490, 140654, C6:0D:29:0E:D8:04, -52, 8, 37
BFItem      1335, 491, 141159, E9:70:AB:45:DF:06, -43, 8, 39
BFItem       260, 492, 141187, EA:D2:1B:15:A3:08, -31, 8, 39
BFItem      5129, 493, 141273, C6:51:BC:E4:0A:00, -33, 8, 37
BFItem      1950, 494, 141668, C6:0D:29:0E:D8:04, -55, 8, 38
BFItem      1336, 495, 142169, E9:70:AB:45:DF:06, -32, 8, 37
BFItem      5130, 496, 142281, C6:51:BC:E4:0A:00, -35, 8, 38
BFItem      1951, 497, 142675, C6:0D:29:0E:D8:04, -42, 8, 39
BFItem      1337, 498, 143182, E9:70:AB:45:DF:06, -30, 8, 38
BFItem      1952, 499, 143688, C6:0D:29:0E:D8:04, -52, 8, 37
BFItem      2094, 500, 144046, D1:83:FE:03:9C:03, -40, 8, 38
BFItem       387, 501, 144352, E0:C4:A3:54:D2:07, -38, 8, 38
BFItem      2095, 502, 145059, D1:83:FE:03:9C:03, -30, 8, 39
BFItem       388, 503, 145361, E0:C4:A3:54:D2:07, -31, 8, 39
BFItem      1424, 504, 145648, EF:F3:F2:34:B9:05, -34, 8, 39
BFItem      2096, 505, 146063, D1:83:FE:03:9C:03, -36, 8, 37
BFItem      3377, 506, 146144, CD:2C:DF:8F:F4:01, -17, 8, 38
BFItem       389, 507, 146371, E0:C4:A3:54:D2:07, -34, 8, 37
BFItem      1425, 508, 146661, EF:F3:F2:34:B9:05, -30, 8, 37
BFItem      2097, 509, 147074, D1:83:FE:03:9C:03, -40, 8, 38
BFItem      3378, 510, 147158, CD:2C:DF:8F:F4:01, -18, 8, 39
BFItem       266, 511, 147248, EA:D2:1B:15:A3:08, -35, 8, 37
BFItem       390, 512, 147385, E0:C4:A3:54:D2:07, -37, 8, 38
BFItem      1426, 513, 147670, EF:F3:F2:34:B9:05, -40, 8, 38
BFItem      2098, 514, 148082, D1:83:FE:03:9C:03, -30, 8, 39
BFItem      3379, 515, 148166, CD:2C:DF:8F:F4:01, -18, 8, 37
BFItem       267, 516, 148255, EA:D2:1B:15:A3:08, -31, 8, 38
BFItem      1427, 517, 148683, EF:F3:F2:34:B9:05, -34, 8, 39
BFItem      2099, 518, 149089, D1:83:FE:03:9C:03, -36, 8, 37
BFItem      3380, 519, 149176, CD:2C:DF:8F:F4:01, -17, 8, 38
BFItem       268, 520, 149265, EA:D2:1B:15:A3:08, -31, 8, 39
BFItem      3381, 521, 150185, CD:2C:DF:8F:F4:01, -18, 8, 39
BFItem      1344, 522, 150252, E9:70:AB:45:DF:06, -32, 8, 37
BFItem       269, 523, 150273, EA:D2:1B:15:A3:08, -37, 8, 37
BFItem      5138, 524, 150349, C6:51:BC:E4:0A:00, -35, 8, 38
BFItem      1959, 525, 150757, C6:0D:29:0E:D8:04, -42, 8, 39
BFItem      3382, 526, 151190, CD:2C:DF:8F:F4:01, -18, 8, 37
BFItem      1345, 527, 151265, E9:70:AB:45:DF:06, -30, 8, 38
BFItem       270, 528, 151283, EA:D2:1B:15:A3:08, -31, 8, 38
BFItem      5139, 529, 151361, C6:51:BC:E4:0A:00, -37, 8, 39
BFItem      1960, 530, 151768, C6:0D:29:0E:D8:04, -52, 8, 37
BFItem      1346, 531, 152272, E9:70:AB:45:DF:06, -46, 8, 39
BFItem      5140, 532, 152368, C6:51:BC:E4:0A:00, -33, 8, 37
BFItem      1961, 533, 152773, C6:0D:29:0E:D8:04, -55, 8, 38
BFItem      1347, 534, 153284, E9:70:AB:45:DF:06, -32, 8, 37
BFItem      5141, 535, 153374, C6:51:BC:E4:0A:00, -36, 8, 38
BFItem      1962, 536, 153779, C6:0D:29:0E:D8:04, -42, 8, 39
BFItem      2104, 537, 154146, D1:83:FE:03:9C:03, -36, 8, 37
BFItem      5142, 538, 154388, C6:51:BC:E4:0A:00, -36, 8, 39
BFItem       397, 539, 154445, E0:C4:A3:54:D2:07, -34, 8, 37
BFItem      1963, 540, 154785, C6:0D:29:0E:D8:04, -52, 8, 37
BFItem      2105, 541, 155154, D1:83:FE:03:9C:03, -40, 8, 38
BFItem       398, 542, 155454, E0:C4:A3:54:D2:07, -37, 8, 38
BFItem      1434, 543, 155742, EF:F3:F2:34:B9:05, -37, 8, 38
BFItem      2106, 544, 156163, D1:83:FE:03:9C:03, -30, 8, 39
BFItem      3387, 545, 156243, CD:2C:DF:8F:F4:01, -18, 8, 37
BFItem       399, 546, 156462, E0:C4:A3:54:D2:07, -31, 8, 39
BFItem      1435, 547, 156751, EF:F3:F2:34:B9:05, -34, 8, 39
BFItem      2107, 548, 157166, D1:83:FE:03:9C:03, -36, 8, 37
BFItem      3388, 549, 157254, CD:2C:DF:8F:F4:01, -17, 8, 38
BFItem       276, 550, 157342, EA:D2:1B:15:A3:08, -31, 8, 39
BFItem       400, 551, 157470, E0:C4:A3:54:D2:07, -34, 8, 37
BFItem      1436, 552, 157761, EF:F3:F2:34:B9:05, -30, 8, 37
BFItem      2108, 553, 158177, D1:83:FE:03:9C:03, -40, 8, 38
BFItem      3389, 554, 158265, CD:2C:DF:8F:F4:01, -18, 8, 39
BFItem       277, 555, 158346, EA:D2:1B:15:A3:08, -36, 8, 37
BFItem       401, 556, 158482, E0:C4:A3:54:D2:07, -37, 8, 38
BFItem      1437, 557, 158773, EF:F3:F2:34:B9:05, -37, 8, 38
BFItem      2109, 558, 159181, D1:83:FE:03:9C:03, -30, 8, 39
BFItem      3390, 559, 159271, CD:2C:DF:8F:F4:01, -18, 8, 37
BFItem      1353, 560, 159341, E9:70:AB:45:DF:06, -30, 8, 38
BFItem      1438, 561, 159780, EF:F3:F2:34:B9:05, -34, 8, 39
BFItem      3391, 562, 160277, CD:2C:DF:8F:F4:01, -18, 8, 38
BFItem      1354, 563, 160348, E9:70:AB:45:DF:06, -36, 8, 39
BFItem       279, 564, 160364, EA:D2:1B:15:A3:08, -31, 8, 39
BFItem      1439, 565, 160783, EF:F3:F2:34:B9:05, -30, 8, 37
BFItem      3392, 566, 161287, CD:2C:DF:8F:F4:01, -19, 8, 39
BFItem       280, 567, 161370, EA:D2:1B:15:A3:08, -36, 8, 37
BFItem      5149, 568, 161454, C6:51:BC:E4:0A:00, -35, 8, 38
BFItem      1440, 569, 161790, EF:F3:F2:34:B9:05, -37, 8, 38
BFItem      1970, 570, 161841, C6:0D:29:0E:D8:04, -47, 8, 39
BFItem      3393, 571, 162290, CD:2C:DF:8F:F4:01, -18, 8, 37
BFItem      1356, 572, 162368, E9:70:AB:45:DF:06, -30, 8, 38
BFItem       281, 573, 162382, EA:D2:1B:15:A3:08, -31, 8, 38
BFItem      5150, 574, 162463, C6:51:BC:E4:0A:00, -36, 8, 39
BFItem      1971, 575, 162852, C6:0D:29:0E:D8:04, -51, 8, 37
BFItem      1357, 576, 163378, E9:70:AB:45:DF:06, -38, 8, 39
BFItem       282, 577, 163388, EA:D2:1B:15:A3:08, -31, 8, 39
BFItem      5151, 578, 163466, C6:51:BC:E4:0A:00, -33, 8, 37
BFItem      1972, 579, 163865, C6:0D:29:0E:D8:04, -58, 8, 38
BFItem      1358, 580, 164384, E9:70:AB:45:DF:06, -32, 8, 37
BFItem      5152, 581, 164480, C6:51:BC:E4:0A:00, -35, 8, 38
BFItem      1973, 582, 164878, C6:0D:29:0E:D8:04, -42, 8, 39
BFItem      5153, 583, 165490, C6:51:BC:E4:0A:00, -42, 8, 39
BFItem       408, 584, 165542, E0:C4:A3:54:D2:07, -34, 8, 37
BFItem      1974, 585, 165882, C6:0D:29:0E:D8:04, -50, 8, 37
BFItem      2116, 586, 166245, D1:83:FE:03:9C:03, -40, 8, 38
BFItem      3397, 587, 166341, CD:2C:DF:8F:F4:01, -18, 8, 39
BFItem       409, 588, 166553, E0:C4:A3:54:D2:07, -37, 8, 38
BFItem      2117, 589, 167258, D1:83:FE:03:9C:03, -30, 8, 39
BFItem      3398, 590, 167345, CD:2C:DF:8F:F4:01, -18, 8, 37
BFItem       410, 591, 167562, E0:C4:A3:54:D2:07, -31, 8, 39
BFItem      2118, 592, 168263, D1:83:FE:03:9C:03, -36, 8, 37
BFItem       411, 593, 168574, E0:C4:A3:54:D2:07, -34, 8, 37
BFItem      2119, 594, 169272, D1:83:FE:03:9C:03, -40, 8, 38
BFItem       412, 595, 169580, E0:C4:A3:54:D2:07, -37, 8, 38
BFItem      1448, 596, 169851, EF:F3:F2:34:B9:05, -37, 8, 38
BFItem      2120, 597, 170287, D1:83:FE:03:9C:03, -30, 8, 39
BFItem      3401, 598, 170372, CD:2C:DF:8F:F4:01, -18, 8, 37
BFItem      1364, 599, 170451, E9:70:AB:45:DF:06, -30, 8, 38
BFItem       289, 600, 170457, EA:D2:1B:15:A3:08, -31, 8, 38
BFItem       413, 601, 170584, E0:C4:A3:54:D2:07, -31, 8, 39
BFItem      1449, 602, 170856, EF:F3:F2:34:B9:05, -34, 8, 39
BFItem      3402, 603, 171381, CD:2C:DF:8F:F4:01, -17, 8, 38
BFItem      1365, 604, 171457, E9:70:AB:45:DF:06, -43, 8, 39
BFItem       290, 605, 171470, EA:D2:1B:15:A3:08, -31, 8, 39
BFItem      1450, 606, 171865, EF:F3:F2:34:B9:05, -30, 8, 37
BFItem      1980, 607, 171943, C6:0D:29:0E:D8:04, -55, 8, 38
BFItem      1366, 608, 172464, E9:70:AB:45:DF:06, -32, 8, 37
BFItem       291, 609, 172482, EA:D2:1B:15:A3:08, -37, 8, 37
BFItem      1451, 610, 172875, EF:F3:F2:34:B9:05, -37, 8, 38
BFItem      1981, 611, 172951, C6:0D:29:0E:D8:04, -42, 8, 39
BFItem      1367, 612, 173479, E9:70:AB:45:DF:06, -30, 8, 38
BFItem      5161, 613, 173555, C6:51:BC:E4:0A:00, -37, 8, 39
BFItem      1452, 614, 173881, EF:F3:F2:34:B9:05, -34, 8, 39
BFItem      1982, 615, 173959, C6:0D:29:0E:D8:04, -52, 8, 37
BFItem      1368, 616, 174487, E9:70:AB:45:DF:06, -38, 8, 39
BFItem      5162, 617, 174562, C6:51:BC:E4:0A:00, -33, 8, 37
BFItem      1453, 618, 174887, EF:F3:F2:34:B9:05, -30, 8, 37
BFItem      1983, 619, 174972, C6:0D:29:0E:D8:04, -55, 8, 38
BFItem      5163, 620, 175577, C6:51:BC:E4:0A:00, -35, 8, 38
BFItem      1984, 621, 175979, C6:0D:29:0E:D8:04, -42, 8, 39
BFItem      5164, 622, 176588, C6:51:BC:E4:0A:00, -38, 8, 39
BFItem      1985, 623, 176985, C6:0D:29:0E:D8:04, -51, 8, 37
BFItem      2127, 624, 177347, D1:83:FE:03:9C:03, -40, 8, 38
BFItem      3408, 625, 177446, CD:2C:DF:8F:F4:01, -18, 8, 39
BFItem       420, 626, 177642, E0:C4:A3:54:D2:07, -37, 8, 38
BFItem      2128, 627, 178353, D1:83:FE:03:9C:03, -30, 8, 39
BFItem      3409, 628, 178451, CD:2C:DF:8F:F4:01, -18, 8, 37
BFItem       297, 629, 178543, EA:D2:1B:15:A3:08, -31, 8, 38
BFItem       421, 630, 178654, E0:C4:A3:54:D2:07, -31, 8, 39
BFItem      3410, 631, 179466, CD:2C:DF:8F:F4:01, -17, 8, 38
BFItem       298, 632, 179552, EA:D2:1B:15:A3:08, -31, 8, 39
BFItem       422, 633, 179665, E0:C4:A3:54:D2:07, -34, 8, 37
BFItem      2130, 634, 180373, D1:83:FE:03:9C:03, -40, 8, 38
BFItem      3411, 635, 180480, CD:2C:DF:8F:F4:01, -18, 8, 39
BFItem      1374, 636, 180549, E9:70:AB:45:DF:06, -32, 8, 37
BFItem       299, 637, 180562, EA:D2:1B:15:A3:08, -34, 8, 37
BFItem       423, 638, 180672, E0:C4:A3:54:D2:07, -37, 8, 38
BFItem      2131, 639, 181385, D1:83:FE:03:9C:03, -30, 8, 39
BFItem      3412, 640, 181487, CD:2C:DF:8F:F4:01, -18, 8, 37
BFItem      1375, 641, 181561, E9:70:AB:45:DF:06, -30, 8, 38
BFItem       300, 642, 181570, EA:D2:1B:15:A3:08, -31, 8, 38
BFItem       424, 643, 181684, E0:C4:A3:54:D2:07, -31, 8, 39
BFItem      1376, 644, 182572, E9:70:AB:45:DF:06, -38, 8, 39
BFItem       301, 645, 182580, EA:D2:1B:15:A3:08, -31, 8, 39
BFItem       425, 646, 182689, E0:C4:A3:54:D2:07, -34, 8, 37
BFItem      1461, 647, 182950, EF:F3:F2:34:B9:05, -30, 8, 37
BFItem      1991, 648, 183042, C6:0D:29:0E:D8:04, -54, 8, 38
BFItem      1377, 649, 183582, E9:70:AB:45:DF:06, -32, 8, 37
BFItem       302, 650, 183590, EA:D2:1B:15:A3:08, -36, 8, 37
BFItem      5171, 651, 183651, C6:51:BC:E4:0A:00, -35, 8, 38
BFItem      1462, 652, 183956, EF:F3:F2:34:B9:05, -37, 8, 38
BFItem      1992, 653, 184058, C6:0D:29:0E:D8:04, -42, 8, 39
BFItem      5172, 654, 184660, C6:51:BC:E4:0A:00, -36, 8, 39
BFItem      1463, 655, 184968, EF:F3:F2:34:B9:05, -34, 8, 39
BFItem      1993, 656, 185064, C6:0D:29:0E:D8:04, -52, 8, 37
BFItem      5173, 657, 185664, C6:51:BC:E4:0A:00, -33, 8, 37
BFItem      1464, 658, 185980, EF:F3:F2:34:B9:05, -29, 8, 37
BFItem      1994, 659, 186079, C6:0D:29:0E:D8:04, -54, 8, 38
BFItem      5174, 660, 186671, C6:51:BC:E4:0A:00, -36, 8, 38
BFItem      2137, 661, 187443, D1:83:FE:03:9C:03, -36, 8, 37
BFItem      5175, 662, 187684, C6:51:BC:E4:0A:00, -36, 8, 39
BFItem      2138, 663, 188453, D1:83:FE:03:9C:03, -40, 8, 38
BFItem      3419, 664, 188541, CD:2C:DF:8F:F4:01, -18, 8, 39
BFItem       431, 665, 188742, E0:C4:A3:54:D2:07, -37, 8, 38
BFItem      2139, 666, 189465, D1:83:FE:03:9C:03, -30, 8, 39
BFItem      3420, 667, 189550, CD:2C:DF:8F:F4:01, -18, 8, 37
BFItem      1383, 668, 189641, E9:70:AB:45:DF:06, -30, 8, 38
BFItem       308, 669, 189648, EA:D2:1B:15:A3:08, -31, 8, 38
BFItem       432, 670, 189756, E0:C4:A3:54:D2:07, -31, 8, 39
BFItem      2140, 671, 190474, D1:83:FE:03:9C:03, -36, 8, 37
BFItem      3421, 672, 190562, CD:2C:DF:8F:F4:01, -17, 8, 38
BFItem      1384, 673, 190656, E9:70:AB:45:DF:06, -38, 8, 39
BFItem       309, 674, 190659, EA:D2:1B:15:A3:08, -31, 8, 39
BFItem       433, 675, 190762, E0:C4:A3:54:D2:07, -34, 8, 37
BFItem      2141, 676, 191487, D1:83:FE:03:9C:03, -40, 8, 38
BFItem      3422, 677, 191573, CD:2C:DF:8F:F4:01, -18, 8, 39
BFItem      1385, 678, 191664, E9:70:AB:45:DF:06, -32, 8, 37
BFItem       310, 679, 191666, EA:D2:1B:15:A3:08, -35, 8, 37
BFItem       434, 680, 191773, E0:C4:A3:54:D2:07, -37, 8, 38
BFItem       311, 681, 192671, EA:D2:1B:15:A3:08, -31, 8, 38
BFItem      1386, 682, 192677, E9:70:AB:45:DF:06, -30, 8, 38
BFItem       435, 683, 192786, E0:C4:A3:54:D2:07, -31, 8, 39
BFItem      1471, 684, 193043, EF:F3:F2:34:B9:05, -34, 8, 39
BFItem      2001, 685, 193148, C6:0D:29:0E:D8:04, -52, 8, 37
BFItem      3424, 686, 193583, CD:2C:DF:8F:F4:01, -18, 8, 38
BFItem       312, 687, 193677, EA:D2:1B:15:A3:08, -31, 8, 39
BFItem      1387, 688, 193688, E9:70:AB:45:DF:06, -38, 8, 39
BFItem      1472, 689, 194054, EF:F3:F2:34:B9:05, -29, 8, 37
BFItem      2002, 690, 194160, C6:0D:29:0E:D8:04, -53, 8, 38
BFItem       313, 691, 194682, EA:D2:1B:15:A3:08, -36, 8, 37
BFItem      5182, 692, 194741, C6:51:BC:E4:0A:00, -36, 8, 38
BFItem      1473, 693, 195063, EF:F3:F2:34:B9:05, -37, 8, 38
BFItem      2003, 694, 195167, C6:0D:29:0E:D8:04, -42, 8, 39
BFItem      5183, 695, 195751, C6:51:BC:E4:0A:00, -37, 8, 39
BFItem      1474, 696, 196075, EF:F3:F2:34:B9:05, -34, 8, 39
BFItem      5184, 697, 196760, C6:51:BC:E4:0A:00, -33, 8, 37
BFItem      1475, 698, 197083, EF:F3:F2:34:B9:05, -29, 8, 37
BFItem      2005, 699, 197190, C6:0D:29:0E:D8:04, -54, 8, 38
BFItem      2147, 700, 197543, D1:83:FE:03:9C:03, -30, 8, 39
BFItem      5185, 701, 197775, C6:51:BC:E4:0A:00, -35, 8, 38
BFItem      2148, 702, 198547, D1:83:FE:03:9C:03, -36, 8, 37
BFItem      5186, 703, 198790, C6:51:BC:E4:0A:00, -37, 8, 39
BFItem       441, 704, 198842, E0:C4:A3:54:D2:07, -34, 8, 37
BFItem      2149, 705, 199562, D1:83:FE:03:9C:03, -40, 8, 38
BFItem       442, 706, 199855, E0:C4:A3:54:D2:07, -37, 8, 38
BFItem      2150, 707, 200573, D1:83:FE:03:9C:03, -30, 8, 39
BFItem      3431, 708, 200649, CD:2C:DF:8F:F4:01, -18, 8, 37
BFItem       319, 709, 200741, EA:D2:1B:15:A3:08, -31, 8, 38
BFItem      1394, 710, 200752, E9:70:AB:45:DF:06, -30, 8, 38
BFItem       443, 711, 200861, E0:C4:A3:54:D2:07, -31, 8, 39
BFItem      2151, 712, 201581, D1:83:FE:03:9C:03, -36, 8, 37
BFItem      3432, 713, 201663, CD:2C:DF:8F:F4:01, -17, 8, 38
BFItem       320, 714, 201756, EA:D2:1B:15:A3:08, -31, 8, 39
BFItem      1395, 715, 201768, E9:70:AB:45:DF:06, -38, 8, 39
BFItem       321, 716, 202765, EA:D2:1B:15:A3:08, -36, 8, 37
BFItem      1396, 717, 202778, E9:70:AB:45:DF:06, -32, 8, 37
BFItem       445, 718, 202878, E0:C4:A3:54:D2:07, -37, 8, 38
BFItem      2011, 719, 203245, C6:0D:29:0E:D8:04, -42, 8, 39
BFItem      3434, 720, 203684, CD:2C:DF:8F:F4:01, -18, 8, 37
BFItem       322, 721, 203770, EA:D2:1B:15:A3:08, -31, 8, 38
BFItem      1397, 722, 203789, E9:70:AB:45:DF:06, -30, 8, 38
BFItem       446, 723, 203887, E0:C4:A3:54:D2:07, -31, 8, 39
BFItem      2012, 724, 204250, C6:0D:29:0E:D8:04, -51, 8, 37
BFItem       323, 725, 204781, EA:D2:1B:15:A3:08, -31, 8, 39
BFItem      1483, 726, 205150, EF:F3:F2:34:B9:05, -29, 8, 37
BFItem      2013, 727, 205264, C6:0D:29:0E:D8:04, -55, 8, 38
BFItem      5193, 728, 205849, C6:51:BC:E4:0A:00, -36, 8, 38
BFItem      1484, 729, 206162, EF:F3:F2:34:B9:05, -37, 8, 38
BFItem      2014, 730, 206274, C6:0D:29:0E:D8:04, -42, 8, 39
BFItem      5194, 731, 206864, C6:51:BC:E4:0A:00, -37, 8, 39
BFItem      1485, 732, 207168, EF:F3:F2:34:B9:05, -34, 8, 39
BFItem      2015, 733, 207278, C6:0D:29:0E:D8:04, -51, 8, 37
BFItem      5195, 734, 207870, C6:51:BC:E4:0A:00, -33, 8, 37
BFItem      1486, 735, 208177, EF:F3:F2:34:B9:05, -30, 8, 37
BFItem      2016, 736, 208285, C6:0D:29:0E:D8:04, -54, 8, 38
BFItem      2158, 737, 208652, D1:83:FE:03:9C:03, -30, 8, 39
BFItem      5196, 738, 208876, C6:51:BC:E4:0A:00, -35, 8, 38
BFItem      2159, 739, 209662, D1:83:FE:03:9C:03, -36, 8, 37
BFItem      1403, 740, 209842, E9:70:AB:45:DF:06, -38, 8, 39
BFItem      5197, 741, 209884, C6:51:BC:E4:0A:00, -37, 8, 39
BFItem       452, 742, 209941, E0:C4:A3:54:D2:07, -34, 8, 37
BFItem      2160, 743, 210675, D1:83:FE:03:9C:03, -40, 8, 38
BFItem      3441, 744, 210746, CD:2C:DF:8F:F4:01, -18, 8, 39
BFItem       329, 745, 210843, EA:D2:1B:15:A3:08, -35, 8, 37
BFItem      1404, 746, 210850, E9:70:AB:45:DF:06, -32, 8, 37
BFItem      5198, 747, 210888, C6:51:BC:E4:0A:00, -33, 8, 37
BFItem       453, 748, 210957, E0:C4:A3:54:D2:07, -37, 8, 38
BFItem      2161, 749, 211684, D1:83:FE:03:9C:03, -30, 8, 39
BFItem      3442, 750, 211757, CD:2C:DF:8F:F4:01, -18, 8, 37
BFItem       330, 751, 211853, EA:D2:1B:15:A3:08, -31, 8, 38
BFItem      1405, 752, 211861, E9:70:AB:45:DF:06, -30, 8, 38
BFItem       454, 753, 211969, E0:C4:A3:54:D2:07, -31, 8, 39
BFItem      3443, 754, 212765, CD:2C:DF:8F:F4:01, -17, 8, 38
BFItem       331, 755, 212867, EA:D2:1B:15:A3:08, -31, 8, 39
BFItem      1406, 756, 212870, E9:70:AB:45:DF:06, -43, 8, 39
BFItem       455, 757, 212981, E0:C4:A3:54:D2:07, -34, 8, 37
BFItem      3444, 758, 213778, CD:2C:DF:8F:F4:01, -19, 8, 39
BFItem      1407, 759, 213874, E9:70:AB:45:DF:06, -32, 8, 37
BFItem       332, 760, 213875, EA:D2:1B:15:A3:08, -35, 8, 37
BFItem       456, 761, 213990, E0:C4:A3:54:D2:07, -37, 8, 38
BFItem      1492, 762, 214248, EF:F3:F2:34:B9:05, -38, 8, 38
BFItem      2022, 763, 214348, C6:0D:29:0E:D8:04, -42, 8, 39
BFItem      3445, 764, 214789, CD:2C:DF:8F:F4:01, -18, 8, 37
BFItem      1408, 765, 214882, E9:70:AB:45:DF:06, -30, 8, 38
BFItem       333, 766, 214886, EA:D2:1B:15:A3:08, -31, 8, 38
BFItem      1493, 767, 215262, EF:F3:F2:34:B9:05, -34, 8, 39
BFItem      2023, 768, 215350, C6:0D:29:0E:D8:04, -51, 8, 37
BFItem      1409, 769, 215890, E9:70:AB:45:DF:06, -44, 8, 39
BFItem      1494, 770, 216269, EF:F3:F2:34:B9:05, -30, 8, 37
BFItem      2024, 771, 216365, C6:0D:29:0E:D8:04, -55, 8, 38
BFItem      5204, 772, 216948, C6:51:BC:E4:0A:00, -35, 8, 38
BFItem      1495, 773, 217282, EF:F3:F2:34:B9:05, -37, 8, 38
BFItem      2025, 774, 217376, C6:0D:29:0E:D8:04, -42, 8, 39
BFItem      5205, 775, 217954, C6:51:BC:E4:0A:00, -37, 8, 39
BFItem      2026, 776, 218381, C6:0D:29:0E:D8:04, -53, 8, 37
BFItem      2168, 777, 218743, D1:83:FE:03:9C:03, -41, 8, 38
BFItem      5206, 778, 218961, C6:51:BC:E4:0A:00, -33, 8, 37
BFItem      2169, 779, 219750, D1:83:FE:03:9C:03, -30, 8, 39
BFItem      3450, 780, 219843, CD:2C:DF:8F:F4:01, -18, 8, 37
BFItem      5207, 781, 219971, C6:51:BC:E4:0A:00, -35, 8, 38
BFItem      2170, 782, 220754, D1:83:FE:03:9C:03, -36, 8, 37
BFItem      3451, 783, 220851, CD:2C:DF:8F:F4:01, -17, 8, 38
BFItem      5208, 784, 220980, C6:51:BC:E4:0A:00, -37, 8, 39
BFItem       463, 785, 221050, E0:C4:A3:54:D2:07, -34, 8, 37
BFItem      2171, 786, 221766, D1:83:FE:03:9C:03, -41, 8, 38
BFItem      3452, 787, 221859, CD:2C:DF:8F:F4:01, -18, 8, 39
BFItem      1415, 788, 221941, E9:70:AB:45:DF:06, -32, 8, 37
BFItem      5209, 789, 221983, C6:51:BC:E4:0A:00, -33, 8, 37
BFItem       464, 790, 222064, E0:C4:A3:54:D2:07, -37, 8, 38
BFItem      2172, 791, 222773, D1:83:FE:03:9C:03, -30, 8, 39
BFItem      3453, 792, 222871, CD:2C:DF:8F:F4:01, -18, 8, 37
BFItem       341, 793, 222944, EA:D2:1B:15:A3:08, -31, 8, 38
BFItem      1416, 794, 222955, E9:70:AB:45:DF:06, -30, 8, 38
BFItem      5210, 795, 222989, C6:51:BC:E4:0A:00, -35, 8, 38
BFItem      2173, 796, 223780, D1:83:FE:03:9C:03, -36, 8, 37
BFItem      3454, 797, 223885, CD:2C:DF:8F:F4:01, -17, 8, 38
BFItem       342, 798, 223955, EA:D2:1B:15:A3:08, -31, 8, 39
BFItem      1417, 799, 223960, E9:70:AB:45:DF:06, -38, 8, 39
BFItem       466, 800, 224083, E0:C4:A3:54:D2:07, -34, 8, 37
BFItem      1502, 801, 224343, EF:F3:F2:34:B9:05, -29, 8, 37
BFItem      2174, 802, 224787, D1:83:FE:03:9C:03, -41, 8, 38
BFItem       343, 803, 224958, EA:D2:1B:15:A3:08, -35, 8, 37
BFItem      1418, 804, 224966, E9:70:AB:45:DF:06, -32, 8, 37
BFItem      2033, 805, 225444, C6:0D:29:0E:D8:04, -42, 8, 39
BFItem       344, 806, 225974, EA:D2:1B:15:A3:08, -31, 8, 38
BFItem      1419, 807, 225979, E9:70:AB:45:DF:06, -30, 8, 38
BFItem      1504, 808, 226358, EF:F3:F2:34:B9:05, -34, 8, 39
BFItem       345, 809, 226986, EA:D2:1B:15:A3:08, -31, 8, 39
BFItem      1505, 810, 227368, EF:F3:F2:34:B9:05, -30, 8, 37
BFItem      2035, 811, 227458, C6:0D:29:0E:D8:04, -54, 8, 38
BFItem       346, 812, 227990, EA:D2:1B:15:A3:08, -36, 8, 37
BFItem      2036, 813, 228464, C6:0D:29:0E:D8:04, -42, 8, 39
BFItem      5216, 814, 229044, C6:51:BC:E4:0A:00, -36, 8, 39
BFItem      1507, 815, 229386, EF:F3:F2:34:B9:05, -34, 8, 39
BFItem      2037, 816, 229471, C6:0D:29:0E:D8:04, -52, 8, 37
BFItem      2179, 817, 229842, D1:83:FE:03:9C:03, -41, 8, 38
BFItem      3460, 818, 229942, CD:2C:DF:8F:F4:01, -18, 8, 39
BFItem      5217, 819, 230051, C6:51:BC:E4:0A:00, -33, 8, 37
BFItem       472, 820, 230143, E0:C4:A3:54:D2:07, -37, 8, 38
BFItem      1508, 821, 230389, EF:F3:F2:34:B9:05, -29, 8, 37
BFItem      3461, 822, 230954, CD:2C:DF:8F:F4:01, -18, 8, 37
BFItem      5218, 823, 231065, C6:51:BC:E4:0A:00, -35, 8, 38
BFItem       473, 824, 231155, E0:C4:A3:54:D2:07, -31, 8, 39
BFItem      2181, 825, 231864, D1:83:FE:03:9C:03, -36, 8, 37
BFItem      3462, 826, 231963, CD:2C:DF:8F:F4:01, -17, 8, 38
BFItem      1425, 827, 232044, E9:70:AB:45:DF:06, -38, 8, 39
BFItem      5219, 828, 232075, C6:51:BC:E4:0A:00, -36, 8, 39
BFItem       474, 829, 232167, E0:C4:A3:54:D2:07, -34, 8, 37
BFItem      2182, 830, 232873, D1:83:FE:03:9C:03, -41, 8, 38
BFItem      3463, 831, 232978, CD:2C:DF:8F:F4:01, -18, 8, 39
BFItem      5220, 832, 233086, C6:51:BC:E4:0A:00, -33, 8, 37
BFItem       475, 833, 233176, E0:C4:A3:54:D2:07, -37, 8, 38
BFItem      2183, 834, 233887, D1:83:FE:03:9C:03, -30, 8, 39
BFItem      3464, 835, 233990, CD:2C:DF:8F:F4:01, -18, 8, 37
BFItem      1427, 836, 234066, E9:70:AB:45:DF:06, -30, 8, 38
BFItem       476, 837, 234183, E0:C4:A3:54:D2:07, -31, 8, 39
BFItem       353, 838, 235048, EA:D2:1B:15:A3:08, -31, 8, 39
BFItem      1428, 839, 235078, E9:70:AB:45:DF:06, -43, 8, 39
BFItem       477, 840, 235188, E0:C4:A3:54:D2:07, -34, 8, 37
BFItem      1513, 841, 235447, EF:F3:F2:34:B9:05, -30, 8, 37
BFItem      1429, 842, 236083, E9:70:AB:45:DF:06, -33, 8, 37
BFItem      1514, 843, 236456, EF:F3:F2:34:B9:05, -39, 8, 38
BFItem       355, 844, 237063, EA:D2:1B:15:A3:08, -32, 8, 38
BFItem      1515, 845, 237468, EF:F3:F2:34:B9:05, -34, 8, 39
BFItem       356, 846, 238078, EA:D2:1B:15:A3:08, -31, 8, 39
BFItem      1516, 847, 238480, EF:F3:F2:34:B9:05, -30, 8, 37
BFItem      2046, 848, 238546, C6:0D:29:0E:D8:04, -54, 8, 38
BFItem       357, 849, 239082, EA:D2:1B:15:A3:08, -36, 8, 37
BFItem      5226, 850, 239145, C6:51:BC:E4:0A:00, -36, 8, 38
BFItem      1517, 851, 239487, EF:F3:F2:34:B9:05, -38, 8, 38
BFItem      2047, 852, 239553, C6:0D:29:0E:D8:04, -49, 8, 39
BFItem      3470, 853, 240054, CD:2C:DF:8F:F4:01, -17, 8, 38
BFItem       358, 854, 240087, EA:D2:1B:15:A3:08, -32, 8, 38
BFItem      5227, 855, 240159, C6:51:BC:E4:0A:00, -42, 8, 39
BFItem      2048, 856, 240564, C6:0D:29:0E:D8:04, -52, 8, 37
BFItem      2190, 857, 240953, D1:83:FE:03:9C:03, -40, 8, 38
BFItem      3471, 858, 241068, CD:2C:DF:8F:F4:01, -18, 8, 39
BFItem      5228, 859, 241163, C6:51:BC:E4:0A:00, -33, 8, 37
BFItem       483, 860, 241249, E0:C4:A3:54:D2:07, -37, 8, 38
BFItem      2049, 861, 241578, C6:0D:29:0E:D8:04, -53, 8, 38
BFItem      2191, 862, 241967, D1:83:FE:03:9C:03, -30, 8, 39
BFItem      3472, 863, 242075, CD:2C:DF:8F:F4:01, -18, 8, 37
BFItem      5229, 864, 242169, C6:51:BC:E4:0A:00, -35, 8, 38
BFItem       484, 865, 242254, E0:C4:A3:54:D2:07, -31, 8, 39
BFItem      2050, 866, 242588, C6:0D:29:0E:D8:04, -42, 8, 39
BFItem      3473, 867, 243088, CD:2C:DF:8F:F4:01, -17, 8, 38
BFItem      5230, 868, 243178, C6:51:BC:E4:0A:00, -36, 8, 39
BFItem       485, 869, 243267, E0:C4:A3:54:D2:07, -34, 8, 37
BFItem      2193, 870, 243976, D1:83:FE:03:9C:03, -40, 8, 38
BFItem      1437, 871, 244166, E9:70:AB:45:DF:06, -32, 8, 37
BFItem      5231, 872, 244185, C6:51:BC:E4:0A:00, -33, 8, 37
BFItem       486, 873, 244281, E0:C4:A3:54:D2:07, -37, 8, 38
BFItem      2194, 874, 244988, D1:83:FE:03:9C:03, -30, 8, 39
BFItem      1438, 875, 245174, E9:70:AB:45:DF:06, -30, 8, 38
BFItem       364, 876, 246153, EA:D2:1B:15:A3:08, -31, 8, 39
BFItem      1439, 877, 246185, E9:70:AB:45:DF:06, -38, 8, 39
BFItem      1524, 878, 246544, EF:F3:F2:34:B9:05, -29, 8, 37
BFItem       365, 879, 247160, EA:D2:1B:15:A3:08, -35, 8, 37
BFItem      1440, 880, 247189, E9:70:AB:45:DF:06, -33, 8, 37
BFItem      1525, 881, 247553, EF:F3:F2:34:B9:05, -37, 8, 38
BFItem      3478, 882, 248142, CD:2C:DF:8F:F4:01, -17, 8, 38
BFItem       366, 883, 248173, EA:D2:1B:15:A3:08, -31, 8, 38
BFItem      1526, 884, 248560, EF:F3:F2:34:B9:05, -34, 8, 39
BFItem      2056, 885, 248648, C6:0D:29:0E:D8:04, -52, 8, 37
BFItem      3479, 886, 249157, CD:2C:DF:8F:F4:01, -18, 8, 39
BFItem       367, 887, 249180, EA:D2:1B:15:A3:08, -31, 8, 39
BFItem      1527, 888, 249572, EF:F3:F2:34:B9:05, -29, 8, 37
BFItem      2057, 889, 249659, C6:0D:29:0E:D8:04, -54, 8, 38
BFItem      2199, 890, 250041, D1:83:FE:03:9C:03, -30, 8, 39
BFItem      3480, 891, 250162, CD:2C:DF:8F:F4:01, -18, 8, 37
BFItem       368, 892, 250188, EA:D2:1B:15:A3:08, -35, 8, 37
BFItem      1528, 893, 250578, EF:F3:F2:34:B9:05, -38, 8, 38
BFItem      2058, 894, 250667, C6:0D:29:0E:D8:04, -42, 8, 39
BFItem      2200, 895, 251051, D1:83:FE:03:9C:03, -36, 8, 37
BFItem      3481, 896, 251176, CD:2C:DF:8F:F4:01, -17, 8, 38
BFItem      5238, 897, 251250, C6:51:BC:E4:0A:00, -36, 8, 39
BFItem       493, 898, 251344, E0:C4:A3:54:D2:07, -34, 8, 37
BFItem      1529, 899, 251588, EF:F3:F2:34:B9:05, -34, 8, 39
BFItem      2059, 900, 251677, C6:0D:29:0E:D8:04, -52, 8, 37
BFItem      2201, 901, 252063, D1:83:FE:03:9C:03, -40, 8, 38
BFItem      3482, 902, 252186, CD:2C:DF:8F:F4:01, -18, 8, 39
BFItem      5239, 903, 252253, C6:51:BC:E4:0A:00, -33, 8, 37
BFItem       494, 904, 252351, E0:C4:A3:54:D2:07, -37, 8, 38
BFItem      2060, 905, 252690, C6:0D:29:0E:D8:04, -54, 8, 38
BFItem      2202, 906, 253075, D1:83:FE:03:9C:03, -30, 8, 39
BFItem      5240, 907, 253264, C6:51:BC:E4:0A:00, -35, 8, 38
BFItem       495, 908, 253365, E0:C4:A3:54:D2:07, -31, 8, 39
BFItem      2203, 909, 254077, D1:83:FE:03:9C:03, -36, 8, 37
BFItem      1447, 910, 254247, E9:70:AB:45:DF:06, -38, 8, 39
BFItem      5241, 911, 254279, C6:51:BC:E4:0A:00, -38, 8, 39
BFItem       496, 912, 254375, E0:C4:A3:54:D2:07, -34, 8, 37
BFItem      2204, 913, 255083, D1:83:FE:03:9C:03, -40, 8, 38
BFItem      1448, 914, 255257, E9:70:AB:45:DF:06, -32, 8, 37
BFItem      5242, 915, 255284, C6:51:BC:E4:0A:00, -33, 8, 37
BFItem       497, 916, 255388, E0:C4:A3:54:D2:07, -37, 8, 38
BFItem      1449, 917, 256272, E9:70:AB:45:DF:06, -30, 8, 38
BFItem       375, 918, 257243, EA:D2:1B:15:A3:08, -31, 8, 39
BFItem      1450, 919, 257282, E9:70:AB:45:DF:06, -38, 8, 39
BFItem      2065, 920, 257745, C6:0D:29:0E:D8:04, -55, 8, 38
BFItem       376, 921, 258251, EA:D2:1B:15:A3:08, -35, 8, 37
BFItem      1451, 922, 258288, E9:70:AB:45:DF:06, -33, 8, 37
BFItem      2066, 923, 258754, C6:0D:29:0E:D8:04, -42, 8, 39
BFItem       377, 924, 259266, EA:D2:1B:15:A3:08, -32, 8, 38
BFItem      1537, 925, 259655, EF:F3:F2:34:B9:05, -34, 8, 39
BFItem      2067, 926, 259765, C6:0D:29:0E:D8:04, -52, 8, 37
BFItem      3490, 927, 260255, CD:2C:DF:8F:F4:01, -18, 8, 39
BFItem       378, 928, 260272, EA:D2:1B:15:A3:08, -31, 8, 39
BFItem      1538, 929, 260662, EF:F3:F2:34:B9:05, -30, 8, 37
BFItem      2068, 930, 260778, C6:0D:29:0E:D8:04, -54, 8, 38
BFItem      2210, 931, 261143, D1:83:FE:03:9C:03, -30, 8, 39
BFItem      3491, 932, 261260, CD:2C:DF:8F:F4:01, -18, 8, 37
BFItem       379, 933, 261275, EA:D2:1B:15:A3:08, -35, 8, 37
BFItem      5248, 934, 261345, C6:51:BC:E4:0A:00, -36, 8, 38
BFItem      1539, 935, 261670, EF:F3:F2:34:B9:05, -38, 8, 38
BFItem      2069, 936, 261790, C6:0D:29:0E:D8:04, -42, 8, 39
BFItem      2211, 937, 262155, D1:83:FE:03:9C:03, -36, 8, 37
BFItem      3492, 938, 262271, CD:2C:DF:8F:F4:01, -17, 8, 38
BFItem       380, 939, 262288, EA:D2:1B:15:A3:08, -31, 8, 38
BFItem      5249, 940, 262353, C6:51:BC:E4:0A:00, -37, 8, 39
BFItem       504, 941, 262447, E0:C4:A3:54:D2:07, -34, 8, 37
BFItem      1540, 942, 262681, EF:F3:F2:34:B9:05, -34, 8, 39
BFItem      2212, 943, 263162, D1:83:FE:03:9C:03, -41, 8, 38
BFItem      3493, 944, 263281, CD:2C:DF:8F:F4:01, -18, 8, 39
BFItem      1456, 945, 263340, E9:70:AB:45:DF:06, -32, 8, 37
BFItem      5250, 946, 263359, C6:51:BC:E4:0A:00, -33, 8, 37
BFItem       505, 947, 263458, E0:C4:A3:54:D2:07, -37, 8, 38
BFItem      1541, 948, 263687, EF:F3:F2:34:B9:05, -30, 8, 37
BFItem      2213, 949, 264171, D1:83:FE:03:9C:03, -30, 8, 39
BFItem      3494, 950, 264287, CD:2C:DF:8F:F4:01, -18, 8, 37
BFItem      1457, 951, 264352, E9:70:AB:45:DF:06, -30, 8, 38
BFItem      5251, 952, 264372, C6:51:BC:E4:0A:00, -35, 8, 38
BFItem       506, 953, 264472, E0:C4:A3:54:D2:07, -31, 8, 39
BFItem      2214, 954, 265177, D1:83:FE:03:9C:03, -36, 8, 37
BFItem      1458, 955, 265365, E9:70:AB:45:DF:06, -44, 8, 39
BFItem      5252, 956, 265386, C6:51:BC:E4:0A:00, -37, 8, 39
BFItem       507, 957, 265483, E0:C4:A3:54:D2:07, -34, 8, 37
BFItem      2073, 958, 265841, C6:0D:29:0E:D8:04, -55, 8, 38
BFItem      2215, 959, 266189, D1:83:FE:03:9C:03, -40, 8, 38
BFItem      1459, 960, 266374, E9:70:AB:45:DF:06, -32, 8, 37
BFItem      2074, 961, 266848, C6:0D:29:0E:D8:04, -41, 8, 39
BFItem      1460, 962, 267387, E9:70:AB:45:DF:06, -30, 8, 38
BFItem       386, 963, 268341, EA:D2:1B:15:A3:08, -31, 8, 39
BFItem      2076, 964, 268874, C6:0D:29:0E:D8:04, -57, 8, 38
BFItem       387, 965, 269350, EA:D2:1B:15:A3:08, -35, 8, 37
BFItem      1547, 966, 269746, EF:F3:F2:34:B9:05, -37, 8, 38
BFItem      2077, 967, 269884, C6:0D:29:0E:D8:04, -42, 8, 39
BFItem      3500, 968, 270349, CD:2C:DF:8F:F4:01, -17, 8, 38
BFItem       388, 969, 270364, EA:D2:1B:15:A3:08, -31, 8, 38
BFItem      1548, 970, 270761, EF:F3:F2:34:B9:05, -34, 8, 39
BFItem      2078, 971, 270889, C6:0D:29:0E:D8:04, -54, 8, 37
BFItem      3501, 972, 271363, CD:2C:DF:8F:F4:01, -18, 8, 39
BFItem       389, 973, 271376, EA:D2:1B:15:A3:08, -31, 8, 39
BFItem      5258, 974, 271446, C6:51:BC:E4:0A:00, -33, 8, 37
BFItem       513, 975, 271544, E0:C4:A3:54:D2:07, -38, 8, 38
BFItem      1549, 976, 271772, EF:F3:F2:34:B9:05, -30, 8, 37
BFItem      2221, 977, 272245, D1:83:FE:03:9C:03, -30, 8, 39
BFItem      3502, 978, 272370, CD:2C:DF:8F:F4:01, -18, 8, 37
BFItem       390, 979, 272385, EA:D2:1B:15:A3:08, -37, 8, 37
BFItem      5259, 980, 272457, C6:51:BC:E4:0A:00, -34, 8, 38
BFItem       514, 981, 272552, E0:C4:A3:54:D2:07, -31, 8, 39
BFItem      1550, 982, 272783, EF:F3:F2:34:B9:05, -39, 8, 38
BFItem      2222, 983, 273251, D1:83:FE:03:9C:03, -36, 8, 37
BFItem      3503, 984, 273381, CD:2C:DF:8F:F4:01, -17, 8, 38
BFItem      5260, 985, 273465, C6:51:BC:E4:0A:00, -42, 8, 39
BFItem       515, 986, 273555, E0:C4:A3:54:D2:07, -34, 8, 37
BFItem      2223, 987, 274258, D1:83:FE:03:9C:03, -40, 8, 38
BFItem      5261, 988, 274474, C6:51:BC:E4:0A:00, -33, 8, 37
BFItem       516, 989, 274565, E0:C4:A3:54:D2:07, -38, 8, 38
BFItem      2224, 990, 275272, D1:83:FE:03:9C:03, -30, 8, 39
BFItem      5262, 991, 275484, C6:51:BC:E4:0A:00, -35, 8, 38
BFItem       517, 992, 275580, E0:C4:A3:54:D2:07, -31, 8, 39
BFItem      2225, 993, 276283, D1:83:FE:03:9C:03, -37, 8, 37
BFItem      1469, 994, 276456, E9:70:AB:45:DF:06, -39, 8, 39
BFItem      5263, 995, 276490, C6:51:BC:E4:0A:00, -37, 8, 39
BFItem      2084, 996, 276948, C6:0D:29:0E:D8:04, -58, 8, 38
BFItem      2226, 997, 277290, D1:83:FE:03:9C:03, -41, 8, 38
BFItem      1470, 998, 277463, E9:70:AB:45:DF:06, -32, 8, 37
BFItem      1555, 999, 277842, EF:F3:F2:34:B9:05, -37, 8, 38
BFItem      2085, 1000, 277957, C6:0D:29:0E:D8:04, -39, 8, 39
BFItem      1471, 1001, 278470, E9:70:AB:45:DF:06, -30, 8, 38
BFItem      1556, 1002, 278852, EF:F3:F2:34:B9:05, -33, 8, 39
BFItem      1557, 1003, 279857, EF:F3:F2:34:B9:05, -29, 8, 37
BFItem      2087, 1004, 279968, C6:0D:29:0E:D8:04, -56, 8, 38
BFItem       398, 1005, 280447, EA:D2:1B:15:A3:08, -34, 8, 37
BFItem      3510, 1006, 280449, CD:2C:DF:8F:F4:01, -18, 8, 37
BFItem      1473, 1007, 280485, E9:70:AB:45:DF:06, -32, 8, 37
BFItem      1558, 1008, 280865, EF:F3:F2:34:B9:05, -37, 8, 38
BFItem      2088, 1009, 280981, C6:0D:29:0E:D8:04, -43, 8, 39
BFItem       399, 1010, 281453, EA:D2:1B:15:A3:08, -31, 8, 38
BFItem      3511, 1011, 281459, CD:2C:DF:8F:F4:01, -18, 8, 38
BFItem      1559, 1012, 281874, EF:F3:F2:34:B9:05, -34, 8, 39
BFItem      2089, 1013, 281985, C6:0D:29:0E:D8:04, -53, 8, 37
BFItem       400, 1014, 282462, EA:D2:1B:15:A3:08, -31, 8, 39
BFItem      5269, 1015, 282542, C6:51:BC:E4:0A:00, -33, 8, 37
BFItem       524, 1016, 282644, E0:C4:A3:54:D2:07, -37, 8, 38
BFItem      1560, 1017, 282884, EF:F3:F2:34:B9:05, -30, 8, 37
BFItem      2232, 1018, 283348, D1:83:FE:03:9C:03, -30, 8, 39
BFItem       401, 1019, 283470, EA:D2:1B:15:A3:08, -35, 8, 37
BFItem      3513, 1020, 283481, CD:2C:DF:8F:F4:01, -18, 8, 37
BFItem      5270, 1021, 283554, C6:51:BC:E4:0A:00, -35, 8, 38
BFItem       525, 1022, 283658, E0:C4:A3:54:D2:07, -31, 8, 39
BFItem      2233, 1023, 284356, D1:83:FE:03:9C:03, -36, 8, 37
BFItem       402, 1024, 284478, EA:D2:1B:15:A3:08, -32, 8, 38
BFItem      3514, 1025, 284486, CD:2C:DF:8F:F4:01, -17, 8, 38
BFItem      5271, 1026, 284561, C6:51:BC:E4:0A:00, -36, 8, 39
BFItem      2234, 1027, 285363, D1:83:FE:03:9C:03, -41, 8, 38
BFItem       403, 1028, 285485, EA:D2:1B:15:A3:08, -31, 8, 39
BFItem      5272, 1029, 285565, C6:51:BC:E4:0A:00, -33, 8, 37
BFItem       527, 1030, 285677, E0:C4:A3:54:D2:07, -37, 8, 38
BFItem      2235, 1031, 286368, D1:83:FE:03:9C:03, -30, 8, 39
BFItem      1479, 1032, 286551, E9:70:AB:45:DF:06, -30, 8, 38
BFItem      5273, 1033, 286577, C6:51:BC:E4:0A:00, -36, 8, 38
BFItem      2236, 1034, 287372, D1:83:FE:03:9C:03, -36, 8, 37
BFItem      1480, 1035, 287558, E9:70:AB:45:DF:06, -42, 8, 39
BFItem      5274, 1036, 287585, C6:51:BC:E4:0A:00, -37, 8, 39
BFItem      2237, 1037, 288384, D1:83:FE:03:9C:03, -42, 8, 38
BFItem      1481, 1038, 288563, E9:70:AB:45:DF:06, -32, 8, 37
BFItem      5275, 1039, 288590, C6:51:BC:E4:0A:00, -33, 8, 37
BFItem      2096, 1040, 289049, C6:0D:29:0E:D8:04, -48, 8, 39
BFItem      1482, 1041, 289568, E9:70:AB:45:DF:06, -30, 8, 38
BFItem      2097, 1042, 290058, C6:0D:29:0E:D8:04, -55, 8, 37
BFItem      3520, 1043, 290546, CD:2C:DF:8F:F4:01, -18, 8, 39
BFItem      1483, 1044, 290581, E9:70:AB:45:DF:06, -39, 8, 39
BFItem      1568, 1045, 290944, EF:F3:F2:34:B9:05, -29, 8, 37
BFItem      2098, 1046, 291068, C6:0D:29:0E:D8:04, -56, 8, 38
BFItem      3521, 1047, 291556, CD:2C:DF:8F:F4:01, -18, 8, 37
BFItem      1569, 1048, 291959, EF:F3:F2:34:B9:05, -37, 8, 38
BFItem      2099, 1049, 292077, C6:0D:29:0E:D8:04, -42, 8, 39
BFItem       410, 1050, 292551, EA:D2:1B:15:A3:08, -31, 8, 38
BFItem      3522, 1051, 292571, CD:2C:DF:8F:F4:01, -17, 8, 38
BFItem      1570, 1052, 292970, EF:F3:F2:34:B9:05, -34, 8, 39
BFItem      2100, 1053, 293086, C6:0D:29:0E:D8:04, -54, 8, 37
BFItem       411, 1054, 293560, EA:D2:1B:15:A3:08, -31, 8, 39
BFItem      3523, 1055, 293583, CD:2C:DF:8F:F4:01, -18, 8, 39
BFItem       535, 1056, 293750, E0:C4:A3:54:D2:07, -39, 8, 38
BFItem      1571, 1057, 293982, EF:F3:F2:34:B9:05, -29, 8, 37
BFItem      2243, 1058, 294450, D1:83:FE:03:9C:03, -30, 8, 39
BFItem       412, 1059, 294565, EA:D2:1B:15:A3:08, -35, 8, 37
BFItem      3524, 1060, 294588, CD:2C:DF:8F:F4:01, -18, 8, 37
BFItem      5281, 1061, 294646, C6:51:BC:E4:0A:00, -35, 8, 38
BFItem       536, 1062, 294757, E0:C4:A3:54:D2:07, -31, 8, 39
BFItem      1572, 1063, 294989, EF:F3:F2:34:B9:05, -37, 8, 38
BFItem      2244, 1064, 295455, D1:83:FE:03:9C:03, -36, 8, 37
BFItem       413, 1065, 295574, EA:D2:1B:15:A3:08, -31, 8, 38
BFItem      5282, 1066, 295657, C6:51:BC:E4:0A:00, -37, 8, 39
BFItem       537, 1067, 295769, E0:C4:A3:54:D2:07, -34, 8, 37
BFItem      2245, 1068, 296461, D1:83:FE:03:9C:03, -41, 8, 38
BFItem       414, 1069, 296583, EA:D2:1B:15:A3:08, -31, 8, 39
BFItem      1489, 1070, 296642, E9:70:AB:45:DF:06, -33, 8, 37
BFItem       538, 1071, 296777, E0:C4:A3:54:D2:07, -37, 8, 38
BFItem      2246, 1072, 297470, D1:83:FE:03:9C:03, -30, 8, 39
BFItem      1490, 1073, 297652, E9:70:AB:45:DF:06, -30, 8, 38
BFItem      5284, 1074, 297673, C6:51:BC:E4:0A:00, -35, 8, 38
BFItem       539, 1075, 297783, E0:C4:A3:54:D2:07, -31, 8, 39
BFItem      2247, 1076, 298478, D1:83:FE:03:9C:03, -36, 8, 37
BFItem      1491, 1077, 298661, E9:70:AB:45:DF:06, -39, 8, 39
BFItem      5285, 1078, 298679, C6:51:BC:E4:0A:00, -37, 8, 39
BFItem      2248, 1079, 299486, D1:83:FE:03:9C:03, -41, 8, 38
BFItem      1492, 1080, 299668, E9:70:AB:45:DF:06, -32, 8, 37
BFItem      5286, 1081, 299688, C6:51:BC:E4:0A:00, -33, 8, 37
BFItem      3530, 1082, 300642, CD:2C:DF:8F:F4:01, -17, 8, 38
BFItem      1493, 1083, 300676, E9:70:AB:45:DF:06, -30, 8, 38
BFItem      2108, 1084, 301146, C6:0D:29:0E:D8:04, -54, 8, 37
BFItem      3531, 1085, 301650, CD:2C:DF:8F:F4:01, -18, 8, 39
BFItem      1494, 1086, 301685, E9:70:AB:45:DF:06, -39, 8, 39
BFItem      1579, 1087, 302041, EF:F3:F2:34:B9:05, -29, 8, 37
BFItem      2109, 1088, 302156, C6:0D:29:0E:D8:04, -56, 8, 38
BFItem      3532, 1089, 302656, CD:2C:DF:8F:F4:01, -18, 8, 37
BFItem      1580, 1090, 303053, EF:F3:F2:34:B9:05, -40, 8, 38
BFItem      2110, 1091, 303167, C6:0D:29:0E:D8:04, -45, 8, 39
BFItem       421, 1092, 303644, EA:D2:1B:15:A3:08, -31, 8, 38
BFItem      3533, 1093, 303667, CD:2C:DF:8F:F4:01, -17, 8, 38
BFItem      1581, 1094, 304065, EF:F3:F2:34:B9:05, -34, 8, 39
BFItem      2111, 1095, 304177, C6:0D:29:0E:D8:04, -54, 8, 37
BFItem       422, 1096, 304651, EA:D2:1B:15:A3:08, -31, 8, 39
BFItem      3534, 1097, 304679, CD:2C:DF:8F:F4:01, -18, 8, 39
BFItem       546, 1098, 304843, E0:C4:A3:54:D2:07, -37, 8, 38
BFItem      1582, 1099, 305077, EF:F3:F2:34:B9:05, -29, 8, 37
BFItem      2112, 1100, 305184, C6:0D:29:0E:D8:04, -56, 8, 38
BFItem      2254, 1101, 305541, D1:83:FE:03:9C:03, -30, 8, 39
BFItem       423, 1102, 305656, EA:D2:1B:15:A3:08, -37, 8, 37
BFItem      3535, 1103, 305688, CD:2C:DF:8F:F4:01, -18, 8, 37
BFItem       547, 1104, 305851, E0:C4:A3:54:D2:07, -31, 8, 39
BFItem      1583, 1105, 306087, EF:F3:F2:34:B9:05, -37, 8, 38
BFItem       424, 1106, 306665, EA:D2:1B:15:A3:08, -31, 8, 38
BFItem      5293, 1107, 306755, C6:51:BC:E4:0A:00, -37, 8, 39
BFItem       548, 1108, 306858, E0:C4:A3:54:D2:07, -34, 8, 37
BFItem      2256, 1109, 307553, D1:83:FE:03:9C:03, -40, 8, 38
BFItem       425, 1110, 307677, EA:D2:1B:15:A3:08, -31, 8, 39
BFItem      5294, 1111, 307767, C6:51:BC:E4:0A:00, -33, 8, 37
BFItem       549, 1112, 307866, E0:C4:A3:54:D2:07, -37, 8, 38
BFItem      2257, 1113, 308561, D1:83:FE:03:9C:03, -30, 8, 39
BFItem       426, 1114, 308686, EA:D2:1B:15:A3:08, -35, 8, 37
BFItem      1501, 1115, 308744, E9:70:AB:45:DF:06, -30, 8, 38
BFItem      5295, 1116, 308777, C6:51:BC:E4:0A:00, -36, 8, 38
BFItem       550, 1117, 308871, E0:C4:A3:54:D2:07, -31, 8, 39
BFItem      2258, 1118, 309574, D1:83:FE:03:9C:03, -36, 8, 37
BFItem      1502, 1119, 309756, E9:70:AB:45:DF:06, -40, 8, 39
BFItem      5296, 1120, 309789, C6:51:BC:E4:0A:00, -37, 8, 39
BFItem       551, 1121, 309881, E0:C4:A3:54:D2:07, -34, 8, 37
BFItem      2259, 1122, 310588, D1:83:FE:03:9C:03, -41, 8, 38
BFItem      1503, 1123, 310762, E9:70:AB:45:DF:06, -33, 8, 37
BFItem       552, 1124, 310889, E0:C4:A3:54:D2:07, -37, 8, 38
BFItem      2118, 1125, 311251, C6:0D:29:0E:D8:04, -39, 8, 39
BFItem      3541, 1126, 311741, CD:2C:DF:8F:F4:01, -18, 8, 38
BFItem      1504, 1127, 311772, E9:70:AB:45:DF:06, -30, 8, 38
BFItem      2119, 1128, 312257, C6:0D:29:0E:D8:04, -54, 8, 37
BFItem      3542, 1129, 312750, CD:2C:DF:8F:F4:01, -18, 8, 39
BFItem      1505, 1130, 312783, E9:70:AB:45:DF:06, -39, 8, 39
BFItem      2120, 1131, 313268, C6:0D:29:0E:D8:04, -55, 8, 38
BFItem      3543, 1132, 313761, CD:2C:DF:8F:F4:01, -18, 8, 37
BFItem      1591, 1133, 314149, EF:F3:F2:34:B9:05, -37, 8, 38
BFItem      2121, 1134, 314275, C6:0D:29:0E:D8:04, -45, 8, 39
BFItem       432, 1135, 314748, EA:D2:1B:15:A3:08, -31, 8, 38
BFItem      1592, 1136, 315155, EF:F3:F2:34:B9:05, -34, 8, 39
BFItem      2122, 1137, 315279, C6:0D:29:0E:D8:04, -54, 8, 37
BFItem       433, 1138, 315760, EA:D2:1B:15:A3:08, -31, 8, 39
BFItem      3545, 1139, 315784, CD:2C:DF:8F:F4:01, -18, 8, 39
BFItem      1593, 1140, 316167, EF:F3:F2:34:B9:05, -30, 8, 37
BFItem      2123, 1141, 316290, C6:0D:29:0E:D8:04, -55, 8, 38
BFItem       434, 1142, 316773, EA:D2:1B:15:A3:08, -35, 8, 37
BFItem       558, 1143, 316953, E0:C4:A3:54:D2:07, -31, 8, 39
BFItem      1594, 1144, 317183, EF:F3:F2:34:B9:05, -37, 8, 38
BFItem      2266, 1145, 317643, D1:83:FE:03:9C:03, -36, 8, 37
BFItem       435, 1146, 317781, EA:D2:1B:15:A3:08, -31, 8, 38
BFItem      5304, 1147, 317844, C6:51:BC:E4:0A:00, -37, 8, 39
BFItem       559, 1148, 317960, E0:C4:A3:54:D2:07, -34, 8, 37
BFItem      1595, 1149, 318188, EF:F3:F2:34:B9:05, -34, 8, 39
BFItem      2267, 1150, 318654, D1:83:FE:03:9C:03, -41, 8, 38
BFItem       436, 1151, 318787, EA:D2:1B:15:A3:08, -31, 8, 39
BFItem      5305, 1152, 318849, C6:51:BC:E4:0A:00, -33, 8, 37
BFItem       560, 1153, 318967, E0:C4:A3:54:D2:07, -37, 8, 38
BFItem      2268, 1154, 319661, D1:83:FE:03:9C:03, -30, 8, 39
BFItem       437, 1155, 319790, EA:D2:1B:15:A3:08, -35, 8, 37
BFItem      1512, 1156, 319842, E9:70:AB:45:DF:06, -30, 8, 38
BFItem      5306, 1157, 319865, C6:51:BC:E4:0A:00, -36, 8, 38
BFItem       561, 1158, 319981, E0:C4:A3:54:D2:07, -31, 8, 39
BFItem      2269, 1159, 320672, D1:83:FE:03:9C:03, -36, 8, 37
BFItem      1513, 1160, 320848, E9:70:AB:45:DF:06, -39, 8, 39
BFItem      5307, 1161, 320871, C6:51:BC:E4:0A:00, -37, 8, 39
BFItem      2270, 1162, 321688, D1:83:FE:03:9C:03, -41, 8, 38
BFItem      3551, 1163, 321849, CD:2C:DF:8F:F4:01, -18, 8, 37
BFItem      1514, 1164, 321854, E9:70:AB:45:DF:06, -32, 8, 37
BFItem      5308, 1165, 321880, C6:51:BC:E4:0A:00, -33, 8, 37
BFItem      2129, 1166, 322344, C6:0D:29:0E:D8:04, -42, 8, 39
BFItem      3552, 1167, 322859, CD:2C:DF:8F:F4:01, -17, 8, 38
BFItem      1515, 1168, 322865, E9:70:AB:45:DF:06, -30, 8, 38
BFItem      5309, 1169, 322889, C6:51:BC:E4:0A:00, -36, 8, 38
BFItem      2130, 1170, 323349, C6:0D:29:0E:D8:04, -54, 8, 37
BFItem      3553, 1171, 323874, CD:2C:DF:8F:F4:01, -18, 8, 39
