BFItem      1380, 1, 6120, FF:1B:2F:FB:89:02, -23, 8, 38
BFItem      1486, 2, 6430, CD:2C:DF:8F:F4:01, -17, 8, 38
BFItem      3243, 3, 6535, C6:51:BC:E4:0A:00, -42, 8, 39
BFItem      1381, 4, 7134, FF:1B:2F:FB:89:02, -21, 8, 39
BFItem      1487, 5, 7438, CD:2C:DF:8F:F4:01, -18, 8, 39
BFItem      1382, 6, 8141, FF:1B:2F:FB:89:02, -26, 8, 37
BFItem      1488, 7, 8450, CD:2C:DF:8F:F4:01, -18, 8, 37
BFItem      3245, 8, 8560, C6:51:BC:E4:0A:00, -33, 8, 38
BFItem      1383, 9, 9150, FF:1B:2F:FB:89:02, -23, 8, 38
BFItem      1489, 10, 9464, CD:2C:DF:8F:F4:01, -17, 8, 38
BFItem        67, 11, 10021, C6:0D:29:0E:D8:04, -49, 8, 38
BFItem      1384, 12, 10155, FF:1B:2F:FB:89:02, -21, 8, 39
BFItem       209, 13, 10419, D1:83:FE:03:9C:03, -34, 8, 39
BFItem        68, 14, 11033, C6:0D:29:0E:D8:04, -42, 8, 39
BFItem      1385, 15, 11162, FF:1B:2F:FB:89:02, -26, 8, 37
BFItem       210, 16, 11430, D1:83:FE:03:9C:03, -36, 8, 37
BFItem        69, 17, 12037, C6:0D:29:0E:D8:04, -43, 8, 37
BFItem       211, 18, 12443, D1:83:FE:03:9C:03, -45, 8, 38
BFItem        70, 19, 13045, C6:0D:29:0E:D8:04, -53, 8, 38
BFItem       212, 20, 13453, D1:83:FE:03:9C:03, -34, 8, 39
BFItem        71, 21, 14056, C6:0D:29:0E:D8:04, -42, 8, 39
BFItem       213, 22, 14459, D1:83:FE:03:9C:03, -36, 8, 37
BFItem      1495, 23, 15516, CD:2C:DF:8F:F4:01, -19, 8, 39
BFItem      3252, 24, 15622, C6:51:BC:E4:0A:00, -30, 8, 37
BFItem      1390, 25, 16216, FF:1B:2F:FB:89:02, -26, 8, 37
BFItem      1496, 26, 16521, CD:2C:DF:8F:F4:01, -18, 8, 37
BFItem      3253, 27, 16635, C6:51:BC:E4:0A:00, -33, 8, 38
BFItem      1391, 28, 17225, FF:1B:2F:FB:89:02, -23, 8, 38
BFItem      1497, 29, 17532, CD:2C:DF:8F:F4:01, -17, 8, 38
BFItem      3254, 30, 17644, C6:51:BC:E4:0A:00, -42, 8, 39
BFItem      1392, 31, 18239, FF:1B:2F:FB:89:02, -21, 8, 39
BFItem      1498, 32, 18543, CD:2C:DF:8F:F4:01, -19, 8, 39
BFItem      3255, 33, 18652, C6:51:BC:E4:0A:00, -30, 8, 37
BFItem      1393, 34, 19243, FF:1B:2F:FB:89:02, -26, 8, 37
BFItem      1499, 35, 19546, CD:2C:DF:8F:F4:01, -18, 8, 37
BFItem      3256, 36, 19661, C6:51:BC:E4:0A:00, -33, 8, 38
BFItem      1394, 37, 20251, FF:1B:2F:FB:89:02, -23, 8, 38
BFItem      1500, 38, 20558, CD:2C:DF:8F:F4:01, -17, 8, 38
BFItem        78, 39, 21118, C6:0D:29:0E:D8:04, -50, 8, 38
BFItem      1395, 40, 21259, FF:1B:2F:FB:89:02, -21, 8, 39
BFItem       220, 41, 21518, D1:83:FE:03:9C:03, -34, 8, 39
BFItem        79, 42, 22125, C6:0D:29:0E:D8:04, -48, 8, 39
BFItem      1396, 43, 22264, FF:1B:2F:FB:89:02, -26, 8, 37
BFItem       221, 44, 22529, D1:83:FE:03:9C:03, -37, 8, 37
BFItem        80, 45, 23133, C6:0D:29:0E:D8:04, -43, 8, 37
BFItem       222, 46, 23540, D1:83:FE:03:9C:03, -45, 8, 38
BFItem        81, 47, 24143, C6:0D:29:0E:D8:04, -50, 8, 38
BFItem       223, 48, 24546, D1:83:FE:03:9C:03, -34, 8, 39
BFItem        82, 49, 25150, C6:0D:29:0E:D8:04, -41, 8, 39
BFItem       224, 50, 25551, D1:83:FE:03:9C:03, -35, 8, 37
BFItem      3262, 51, 25715, C6:51:BC:E4:0A:00, -42, 8, 39
BFItem        83, 52, 26159, C6:0D:29:0E:D8:04, -44, 8, 37
BFItem       225, 53, 26557, D1:83:FE:03:9C:03, -45, 8, 38
BFItem      1506, 54, 26618, CD:2C:DF:8F:F4:01, -18, 8, 39
BFItem      3263, 55, 26719, C6:51:BC:E4:0A:00, -30, 8, 37
BFItem      1507, 56, 27628, CD:2C:DF:8F:F4:01, -18, 8, 37
BFItem      3264, 57, 27725, C6:51:BC:E4:0A:00, -33, 8, 38
BFItem      1402, 58, 28316, FF:1B:2F:FB:89:02, -23, 8, 38
BFItem      1508, 59, 28644, CD:2C:DF:8F:F4:01, -17, 8, 38
BFItem      3265, 60, 28738, C6:51:BC:E4:0A:00, -42, 8, 39
BFItem      1403, 61, 29325, FF:1B:2F:FB:89:02, -21, 8, 39
BFItem      1509, 62, 29650, CD:2C:DF:8F:F4:01, -18, 8, 39
BFItem      3266, 63, 29746, C6:51:BC:E4:0A:00, -30, 8, 37
BFItem      1404, 64, 30331, FF:1B:2F:FB:89:02, -26, 8, 37
BFItem      1510, 65, 30659, CD:2C:DF:8F:F4:01, -18, 8, 37
BFItem      3267, 66, 30756, C6:51:BC:E4:0A:00, -33, 8, 38
BFItem      1405, 67, 31338, FF:1B:2F:FB:89:02, -23, 8, 38
BFItem      1406, 68, 32348, FF:1B:2F:FB:89:02, -21, 8, 39
BFItem        90, 69, 33224, C6:0D:29:0E:D8:04, -39, 8, 39
BFItem      1407, 70, 33360, FF:1B:2F:FB:89:02, -26, 8, 37
BFItem       232, 71, 33620, D1:83:FE:03:9C:03, -36, 8, 37
BFItem        91, 72, 34231, C6:0D:29:0E:D8:04, -42, 8, 37
BFItem       233, 73, 34628, D1:83:FE:03:9C:03, -46, 8, 38
BFItem        92, 74, 35245, C6:0D:29:0E:D8:04, -51, 8, 38
BFItem        93, 75, 36255, C6:0D:29:0E:D8:04, -46, 8, 39
BFItem       235, 76, 36644, D1:83:FE:03:9C:03, -35, 8, 37
BFItem      1516, 77, 36722, CD:2C:DF:8F:F4:01, -17, 8, 38
BFItem        94, 78, 37260, C6:0D:29:0E:D8:04, -43, 8, 37
BFItem       236, 79, 37653, D1:83:FE:03:9C:03, -45, 8, 38
BFItem      1517, 80, 37733, CD:2C:DF:8F:F4:01, -18, 8, 39
BFItem      1518, 81, 38745, CD:2C:DF:8F:F4:01, -18, 8, 37
BFItem      1519, 82, 39755, CD:2C:DF:8F:F4:01, -17, 8, 38
BFItem      3276, 83, 39828, C6:51:BC:E4:0A:00, -42, 8, 39
BFItem      1414, 84, 40423, FF:1B:2F:FB:89:02, -21, 8, 39
BFItem      1520, 85, 40764, CD:2C:DF:8F:F4:01, -18, 8, 39
BFItem      3277, 86, 40834, C6:51:BC:E4:0A:00, -30, 8, 37
BFItem      1415, 87, 41431, FF:1B:2F:FB:89:02, -26, 8, 37
BFItem      3278, 88, 41845, C6:51:BC:E4:0A:00, -33, 8, 38
BFItem      1416, 89, 42441, FF:1B:2F:FB:89:02, -23, 8, 38
BFItem      3279, 90, 42858, C6:51:BC:E4:0A:00, -42, 8, 39
BFItem      1417, 91, 43455, FF:1B:2F:FB:89:02, -21, 8, 39
BFItem       101, 92, 44329, C6:0D:29:0E:D8:04, -42, 8, 39
BFItem      1418, 93, 44464, FF:1B:2F:FB:89:02, -26, 8, 37
BFItem       243, 94, 44721, D1:83:FE:03:9C:03, -35, 8, 37
BFItem       102, 95, 45340, C6:0D:29:0E:D8:04, -43, 8, 37
BFItem       244, 96, 45727, D1:83:FE:03:9C:03, -45, 8, 38
BFItem       103, 97, 46352, C6:0D:29:0E:D8:04, -50, 8, 38
BFItem       245, 98, 46734, D1:83:FE:03:9C:03, -34, 8, 39
BFItem       246, 99, 47739, D1:83:FE:03:9C:03, -34, 8, 37
BFItem      1527, 100, 47826, CD:2C:DF:8F:F4:01, -17, 8, 38
BFItem       247, 101, 48748, D1:83:FE:03:9C:03, -45, 8, 38
BFItem      1528, 102, 48833, CD:2C:DF:8F:F4:01, -19, 8, 39
BFItem      1529, 103, 49845, CD:2C:DF:8F:F4:01, -18, 8, 37
BFItem      3286, 104, 49923, C6:51:BC:E4:0A:00, -33, 8, 38
BFItem      1424, 105, 50524, FF:1B:2F:FB:89:02, -23, 8, 38
BFItem       249, 106, 50757, D1:83:FE:03:9C:03, -35, 8, 37
BFItem      1530, 107, 50854, CD:2C:DF:8F:F4:01, -17, 8, 38
BFItem      3287, 108, 50930, C6:51:BC:E4:0A:00, -42, 8, 39
BFItem      1425, 109, 51531, FF:1B:2F:FB:89:02, -21, 8, 39
BFItem      1531, 110, 51864, CD:2C:DF:8F:F4:01, -18, 8, 39
BFItem      3288, 111, 51943, C6:51:BC:E4:0A:00, -30, 8, 37
BFItem      1426, 112, 52535, FF:1B:2F:FB:89:02, -26, 8, 37
BFItem      3289, 113, 52956, C6:51:BC:E4:0A:00, -33, 8, 38
BFItem      1427, 114, 53547, FF:1B:2F:FB:89:02, -23, 8, 38
BFItem       111, 115, 54419, C6:0D:29:0E:D8:04, -50, 8, 38
BFItem      1428, 116, 54562, FF:1B:2F:FB:89:02, -21, 8, 39
BFItem       112, 117, 55430, C6:0D:29:0E:D8:04, -42, 8, 39
BFItem       113, 118, 56442, C6:0D:29:0E:D8:04, -45, 8, 37
BFItem       255, 119, 56817, D1:83:FE:03:9C:03, -45, 8, 38
BFItem       114, 120, 57451, C6:0D:29:0E:D8:04, -50, 8, 38
BFItem       256, 121, 57825, D1:83:FE:03:9C:03, -33, 8, 39
BFItem       115, 122, 58457, C6:0D:29:0E:D8:04, -42, 8, 39
BFItem       257, 123, 58834, D1:83:FE:03:9C:03, -35, 8, 37
BFItem      1538, 124, 58925, CD:2C:DF:8F:F4:01, -17, 8, 38
BFItem      3295, 125, 59015, C6:51:BC:E4:0A:00, -43, 8, 39
BFItem       116, 126, 59464, C6:0D:29:0E:D8:04, -43, 8, 37
BFItem      1433, 127, 59617, FF:1B:2F:FB:89:02, -21, 8, 39
BFItem      1539, 128, 59938, CD:2C:DF:8F:F4:01, -19, 8, 39
BFItem      3296, 129, 60023, C6:51:BC:E4:0A:00, -30, 8, 37
BFItem      1434, 130, 60628, FF:1B:2F:FB:89:02, -26, 8, 37
BFItem       259, 131, 60863, D1:83:FE:03:9C:03, -34, 8, 39
BFItem      1540, 132, 60941, CD:2C:DF:8F:F4:01, -18, 8, 37
BFItem      3297, 133, 61038, C6:51:BC:E4:0A:00, -33, 8, 38
BFItem      1435, 134, 61637, FF:1B:2F:FB:89:02, -23, 8, 38
BFItem      1541, 135, 61952, CD:2C:DF:8F:F4:01, -17, 8, 38
BFItem      3298, 136, 62044, C6:51:BC:E4:0A:00, -42, 8, 39
BFItem      1542, 137, 62961, CD:2C:DF:8F:F4:01, -19, 8, 39
BFItem      3299, 138, 63051, C6:51:BC:E4:0A:00, -30, 8, 37
BFItem      1437, 139, 63657, FF:1B:2F:FB:89:02, -26, 8, 37
BFItem      3300, 140, 64065, C6:51:BC:E4:0A:00, -33, 8, 38
BFItem       122, 141, 65522, C6:0D:29:0E:D8:04, -51, 8, 38
BFItem       123, 142, 66531, C6:0D:29:0E:D8:04, -45, 8, 39
BFItem       124, 143, 67538, C6:0D:29:0E:D8:04, -43, 8, 37
BFItem       125, 144, 68547, C6:0D:29:0E:D8:04, -50, 8, 38
BFItem       267, 145, 68925, D1:83:FE:03:9C:03, -33, 8, 39
BFItem      1548, 146, 69018, CD:2C:DF:8F:F4:01, -18, 8, 37
BFItem       126, 147, 69558, C6:0D:29:0E:D8:04, -41, 8, 39
BFItem      1443, 148, 69717, FF:1B:2F:FB:89:02, -23, 8, 38
BFItem       268, 149, 69938, D1:83:FE:03:9C:03, -35, 8, 37
BFItem      1549, 150, 70026, CD:2C:DF:8F:F4:01, -17, 8, 38
BFItem      1444, 151, 70730, FF:1B:2F:FB:89:02, -21, 8, 39
BFItem       269, 152, 70953, D1:83:FE:03:9C:03, -45, 8, 38
BFItem      1550, 153, 71041, CD:2C:DF:8F:F4:01, -19, 8, 39
BFItem      3307, 154, 71131, C6:51:BC:E4:0A:00, -30, 8, 37
BFItem      1445, 155, 71742, FF:1B:2F:FB:89:02, -26, 8, 37
BFItem      1551, 156, 72049, CD:2C:DF:8F:F4:01, -18, 8, 37
BFItem      3308, 157, 72145, C6:51:BC:E4:0A:00, -33, 8, 38
BFItem      1552, 158, 73055, CD:2C:DF:8F:F4:01, -17, 8, 38
BFItem      3309, 159, 73155, C6:51:BC:E4:0A:00, -42, 8, 39
BFItem      1447, 160, 73757, FF:1B:2F:FB:89:02, -21, 8, 39
BFItem      3310, 161, 74165, C6:51:BC:E4:0A:00, -30, 8, 37
BFItem      1448, 162, 74760, FF:1B:2F:FB:89:02, -26, 8, 37
BFItem       132, 163, 75623, C6:0D:29:0E:D8:04, -43, 8, 37
BFItem       133, 164, 76636, C6:0D:29:0E:D8:04, -53, 8, 38
BFItem       135, 165, 78652, C6:0D:29:0E:D8:04, -43, 8, 37
BFItem       136, 166, 79664, C6:0D:29:0E:D8:04, -50, 8, 38
BFItem       278, 167, 80017, D1:83:FE:03:9C:03, -33, 8, 39
BFItem      1559, 168, 80119, CD:2C:DF:8F:F4:01, -18, 8, 37
BFItem      3316, 169, 80219, C6:51:BC:E4:0A:00, -33, 8, 38
BFItem      1454, 170, 80817, FF:1B:2F:FB:89:02, -23, 8, 38
BFItem       279, 171, 81026, D1:83:FE:03:9C:03, -34, 8, 37
BFItem      1560, 172, 81125, CD:2C:DF:8F:F4:01, -17, 8, 38
BFItem      3317, 173, 81235, C6:51:BC:E4:0A:00, -42, 8, 39
BFItem      1455, 174, 81828, FF:1B:2F:FB:89:02, -21, 8, 39
BFItem       280, 175, 82036, D1:83:FE:03:9C:03, -45, 8, 38
BFItem      1561, 176, 82134, CD:2C:DF:8F:F4:01, -19, 8, 39
BFItem      3318, 177, 82237, C6:51:BC:E4:0A:00, -30, 8, 37
BFItem      1456, 178, 82833, FF:1B:2F:FB:89:02, -26, 8, 37
BFItem       281, 179, 83048, D1:83:FE:03:9C:03, -33, 8, 39
BFItem      1562, 180, 83138, CD:2C:DF:8F:F4:01, -18, 8, 37
BFItem      3319, 181, 83250, C6:51:BC:E4:0A:00, -33, 8, 38
BFItem      1457, 182, 83847, FF:1B:2F:FB:89:02, -23, 8, 38
BFItem       282, 183, 84055, D1:83:FE:03:9C:03, -35, 8, 37
BFItem      1563, 184, 84149, CD:2C:DF:8F:F4:01, -17, 8, 38
BFItem      3320, 185, 84258, C6:51:BC:E4:0A:00, -42, 8, 39
BFItem      1458, 186, 84856, FF:1B:2F:FB:89:02, -21, 8, 39
BFItem      1564, 187, 85159, CD:2C:DF:8F:F4:01, -19, 8, 39
BFItem       142, 188, 85718, C6:0D:29:0E:D8:04, -41, 8, 39
BFItem      1459, 189, 85862, FF:1B:2F:FB:89:02, -26, 8, 37
BFItem       144, 190, 87728, C6:0D:29:0E:D8:04, -50, 8, 38
BFItem       145, 191, 88738, C6:0D:29:0E:D8:04, -42, 8, 39
BFItem       146, 192, 89748, C6:0D:29:0E:D8:04, -44, 8, 37
BFItem       147, 193, 90761, C6:0D:29:0E:D8:04, -50, 8, 38
BFItem       289, 194, 91125, D1:83:FE:03:9C:03, -33, 8, 39
BFItem      3327, 195, 91316, C6:51:BC:E4:0A:00, -33, 8, 38
BFItem       290, 196, 92128, D1:83:FE:03:9C:03, -35, 8, 37
BFItem      1571, 197, 92224, CD:2C:DF:8F:F4:01, -17, 8, 38
BFItem      3328, 198, 92324, C6:51:BC:E4:0A:00, -43, 8, 39
BFItem      1466, 199, 92916, FF:1B:2F:FB:89:02, -21, 8, 39
BFItem       291, 200, 93140, D1:83:FE:03:9C:03, -45, 8, 38
BFItem      1572, 201, 93237, CD:2C:DF:8F:F4:01, -19, 8, 39
BFItem      3329, 202, 93331, C6:51:BC:E4:0A:00, -30, 8, 37
BFItem      1467, 203, 93922, FF:1B:2F:FB:89:02, -26, 8, 37
BFItem       292, 204, 94156, D1:83:FE:03:9C:03, -34, 8, 39
BFItem      1573, 205, 94242, CD:2C:DF:8F:F4:01, -18, 8, 37
BFItem      3330, 206, 94341, C6:51:BC:E4:0A:00, -33, 8, 38
BFItem      1468, 207, 94938, FF:1B:2F:FB:89:02, -23, 8, 38
BFItem       293, 208, 95160, D1:83:FE:03:9C:03, -35, 8, 37
BFItem      1574, 209, 95252, CD:2C:DF:8F:F4:01, -17, 8, 38
BFItem      1469, 210, 95951, FF:1B:2F:FB:89:02, -21, 8, 39
BFItem       153, 211, 96817, C6:0D:29:0E:D8:04, -41, 8, 39
BFItem      1470, 212, 96955, FF:1B:2F:FB:89:02, -26, 8, 37
BFItem       154, 213, 97828, C6:0D:29:0E:D8:04, -42, 8, 37
BFItem      1471, 214, 97961, FF:1B:2F:FB:89:02, -23, 8, 38
BFItem       155, 215, 98839, C6:0D:29:0E:D8:04, -50, 8, 38
BFItem       156, 216, 99846, C6:0D:29:0E:D8:04, -46, 8, 39
BFItem       157, 217, 100855, C6:0D:29:0E:D8:04, -44, 8, 37
BFItem       299, 218, 101224, D1:83:FE:03:9C:03, -45, 8, 38
BFItem      3337, 219, 101416, C6:51:BC:E4:0A:00, -30, 8, 37
BFItem       158, 220, 101862, C6:0D:29:0E:D8:04, -51, 8, 38
BFItem       300, 221, 102235, D1:83:FE:03:9C:03, -33, 8, 39
BFItem      1581, 222, 102318, CD:2C:DF:8F:F4:01, -18, 8, 37
BFItem      3338, 223, 102431, C6:51:BC:E4:0A:00, -33, 8, 38
BFItem       301, 224, 103242, D1:83:FE:03:9C:03, -34, 8, 37
BFItem      1582, 225, 103333, CD:2C:DF:8F:F4:01, -17, 8, 38
BFItem      3339, 226, 103441, C6:51:BC:E4:0A:00, -43, 8, 39
BFItem      1477, 227, 104021, FF:1B:2F:FB:89:02, -21, 8, 39
BFItem       302, 228, 104250, D1:83:FE:03:9C:03, -45, 8, 38
BFItem      1583, 229, 104344, CD:2C:DF:8F:F4:01, -19, 8, 39
BFItem      3340, 230, 104446, C6:51:BC:E4:0A:00, -30, 8, 37
BFItem      1478, 231, 105030, FF:1B:2F:FB:89:02, -26, 8, 37
BFItem       303, 232, 105258, D1:83:FE:03:9C:03, -33, 8, 39
BFItem      3341, 233, 105460, C6:51:BC:E4:0A:00, -33, 8, 38
BFItem      1479, 234, 106037, FF:1B:2F:FB:89:02, -23, 8, 38
BFItem       304, 235, 106264, D1:83:FE:03:9C:03, -34, 8, 37
BFItem      1585, 236, 106357, CD:2C:DF:8F:F4:01, -17, 8, 38
BFItem      1480, 237, 107045, FF:1B:2F:FB:89:02, -21, 8, 39
BFItem       164, 238, 107916, C6:0D:29:0E:D8:04, -42, 8, 39
BFItem      1481, 239, 108050, FF:1B:2F:FB:89:02, -26, 8, 37
BFItem       165, 240, 108929, C6:0D:29:0E:D8:04, -43, 8, 37
BFItem      1482, 241, 109057, FF:1B:2F:FB:89:02, -23, 8, 38
BFItem       166, 242, 109935, C6:0D:29:0E:D8:04, -53, 8, 38
BFItem       167, 243, 110946, C6:0D:29:0E:D8:04, -42, 8, 39
BFItem       168, 244, 111951, C6:0D:29:0E:D8:04, -44, 8, 37
BFItem       310, 245, 112325, D1:83:FE:03:9C:03, -46, 8, 38
BFItem      1591, 246, 112418, CD:2C:DF:8F:F4:01, -19, 8, 39
BFItem      3348, 247, 112518, C6:51:BC:E4:0A:00, -30, 8, 37
BFItem       169, 248, 112963, C6:0D:29:0E:D8:04, -51, 8, 38
BFItem       311, 249, 113333, D1:83:FE:03:9C:03, -34, 8, 39
BFItem      1592, 250, 113423, CD:2C:DF:8F:F4:01, -18, 8, 37
BFItem      3349, 251, 113533, C6:51:BC:E4:0A:00, -33, 8, 38
BFItem       312, 252, 114334, D1:83:FE:03:9C:03, -34, 8, 37
BFItem      1593, 253, 114436, CD:2C:DF:8F:F4:01, -17, 8, 38
BFItem      3350, 254, 114545, C6:51:BC:E4:0A:00, -43, 8, 39
BFItem      1594, 255, 115446, CD:2C:DF:8F:F4:01, -19, 8, 39
BFItem      3351, 256, 115553, C6:51:BC:E4:0A:00, -30, 8, 37
BFItem      1489, 257, 116116, FF:1B:2F:FB:89:02, -26, 8, 37
BFItem       314, 258, 116351, D1:83:FE:03:9C:03, -33, 8, 39
BFItem      1595, 259, 116454, CD:2C:DF:8F:F4:01, -18, 8, 37
BFItem      1490, 260, 117129, FF:1B:2F:FB:89:02, -23, 8, 38
BFItem       315, 261, 117355, D1:83:FE:03:9C:03, -34, 8, 37
BFItem      1596, 262, 117460, CD:2C:DF:8F:F4:01, -17, 8, 38
BFItem      1491, 263, 118143, FF:1B:2F:FB:89:02, -21, 8, 39
BFItem       175, 264, 119022, C6:0D:29:0E:D8:04, -43, 8, 39
BFItem      1492, 265, 119153, FF:1B:2F:FB:89:02, -26, 8, 37
BFItem       176, 266, 120027, C6:0D:29:0E:D8:04, -45, 8, 37
BFItem      1493, 267, 120160, FF:1B:2F:FB:89:02, -23, 8, 38
BFItem      3356, 268, 120617, C6:51:BC:E4:0A:00, -30, 8, 37
BFItem       177, 269, 121037, C6:0D:29:0E:D8:04, -51, 8, 38
BFItem      3357, 270, 121630, C6:51:BC:E4:0A:00, -33, 8, 38
BFItem       178, 271, 122048, C6:0D:29:0E:D8:04, -48, 8, 39
BFItem      3358, 272, 122641, C6:51:BC:E4:0A:00, -43, 8, 39
BFItem       179, 273, 123053, C6:0D:29:0E:D8:04, -43, 8, 37
BFItem      3359, 274, 123645, C6:51:BC:E4:0A:00, -30, 8, 37
BFItem       180, 275, 124062, C6:0D:29:0E:D8:04, -51, 8, 38
BFItem       322, 276, 124418, D1:83:FE:03:9C:03, -33, 8, 39
BFItem      1603, 277, 124518, CD:2C:DF:8F:F4:01, -18, 8, 37
BFItem      3360, 278, 124661, C6:51:BC:E4:0A:00, -33, 8, 38
BFItem       323, 279, 125430, D1:83:FE:03:9C:03, -35, 8, 37
BFItem      1604, 280, 125530, CD:2C:DF:8F:F4:01, -17, 8, 38
BFItem      1499, 281, 126216, FF:1B:2F:FB:89:02, -21, 8, 39
BFItem       324, 282, 126438, D1:83:FE:03:9C:03, -45, 8, 38
BFItem      1605, 283, 126541, CD:2C:DF:8F:F4:01, -19, 8, 39
BFItem      1500, 284, 127227, FF:1B:2F:FB:89:02, -26, 8, 37
BFItem       325, 285, 127450, D1:83:FE:03:9C:03, -33, 8, 39
BFItem      1606, 286, 127544, CD:2C:DF:8F:F4:01, -18, 8, 37
BFItem      1501, 287, 128237, FF:1B:2F:FB:89:02, -23, 8, 38
BFItem       326, 288, 128461, D1:83:FE:03:9C:03, -34, 8, 37
BFItem      1607, 289, 128554, CD:2C:DF:8F:F4:01, -17, 8, 38
BFItem       185, 290, 129118, C6:0D:29:0E:D8:04, -51, 8, 38
BFItem      1502, 291, 129246, FF:1B:2F:FB:89:02, -21, 8, 39
BFItem       186, 292, 130125, C6:0D:29:0E:D8:04, -42, 8, 39
BFItem      1503, 293, 130251, FF:1B:2F:FB:89:02, -26, 8, 37
BFItem      3366, 294, 130721, C6:51:BC:E4:0A:00, -43, 8, 39
BFItem       187, 295, 131128, C6:0D:29:0E:D8:04, -43, 8, 37
BFItem      1504, 296, 131259, FF:1B:2F:FB:89:02, -23, 8, 38
BFItem      3367, 297, 131733, C6:51:BC:E4:0A:00, -30, 8, 37
BFItem       188, 298, 132142, C6:0D:29:0E:D8:04, -51, 8, 38
BFItem      3368, 299, 132743, C6:51:BC:E4:0A:00, -33, 8, 38
BFItem       189, 300, 133157, C6:0D:29:0E:D8:04, -42, 8, 39
BFItem      3369, 301, 133755, C6:51:BC:E4:0A:00, -42, 8, 39
BFItem       332, 302, 134523, D1:83:FE:03:9C:03, -45, 8, 38
BFItem      1613, 303, 134617, CD:2C:DF:8F:F4:01, -19, 8, 39
BFItem       333, 304, 135532, D1:83:FE:03:9C:03, -34, 8, 39
BFItem      1614, 305, 135620, CD:2C:DF:8F:F4:01, -18, 8, 37
BFItem       334, 306, 136537, D1:83:FE:03:9C:03, -34, 8, 37
BFItem      1615, 307, 136630, CD:2C:DF:8F:F4:01, -17, 8, 38
BFItem       335, 308, 137546, D1:83:FE:03:9C:03, -45, 8, 38
BFItem      1511, 309, 138318, FF:1B:2F:FB:89:02, -26, 8, 37
BFItem       336, 310, 138554, D1:83:FE:03:9C:03, -34, 8, 39
BFItem      1617, 311, 138652, CD:2C:DF:8F:F4:01, -18, 8, 37
BFItem      1512, 312, 139325, FF:1B:2F:FB:89:02, -23, 8, 38
BFItem      1618, 313, 139664, CD:2C:DF:8F:F4:01, -17, 8, 38
BFItem       196, 314, 140224, C6:0D:29:0E:D8:04, -50, 8, 38
BFItem      1513, 315, 140339, FF:1B:2F:FB:89:02, -21, 8, 39
BFItem      3376, 316, 140823, C6:51:BC:E4:0A:00, -33, 8, 38
BFItem       197, 317, 141232, C6:0D:29:0E:D8:04, -42, 8, 39
BFItem      1514, 318, 141350, FF:1B:2F:FB:89:02, -26, 8, 37
BFItem      3377, 319, 141829, C6:51:BC:E4:0A:00, -43, 8, 39
BFItem       198, 320, 142242, C6:0D:29:0E:D8:04, -43, 8, 37
BFItem      3378, 321, 142833, C6:51:BC:E4:0A:00, -30, 8, 37
BFItem       199, 322, 143251, C6:0D:29:0E:D8:04, -50, 8, 38
BFItem      3379, 323, 143841, C6:51:BC:E4:0A:00, -33, 8, 38
BFItem       200, 324, 144257, C6:0D:29:0E:D8:04, -42, 8, 39
BFItem       342, 325, 144617, D1:83:FE:03:9C:03, -35, 8, 37
BFItem       343, 326, 145630, D1:83:FE:03:9C:03, -44, 8, 38
BFItem      1624, 327, 145726, CD:2C:DF:8F:F4:01, -19, 8, 39
BFItem      3381, 328, 145863, C6:51:BC:E4:0A:00, -30, 8, 37
BFItem       344, 329, 146644, D1:83:FE:03:9C:03, -34, 8, 39
BFItem      1625, 330, 146729, CD:2C:DF:8F:F4:01, -18, 8, 37
BFItem       345, 331, 147648, D1:83:FE:03:9C:03, -36, 8, 37
BFItem      1626, 332, 147737, CD:2C:DF:8F:F4:01, -17, 8, 38
BFItem       346, 333, 148662, D1:83:FE:03:9C:03, -45, 8, 38
BFItem      1627, 334, 148743, CD:2C:DF:8F:F4:01, -18, 8, 39
BFItem      1522, 335, 149419, FF:1B:2F:FB:89:02, -26, 8, 37
BFItem      1628, 336, 149747, CD:2C:DF:8F:F4:01, -18, 8, 37
BFItem      1523, 337, 150429, FF:1B:2F:FB:89:02, -23, 8, 38
BFItem      1629, 338, 150757, CD:2C:DF:8F:F4:01, -17, 8, 38
BFItem      3386, 339, 150919, C6:51:BC:E4:0A:00, -30, 8, 37
BFItem      1524, 340, 151439, FF:1B:2F:FB:89:02, -21, 8, 39
BFItem      1630, 341, 151763, CD:2C:DF:8F:F4:01, -19, 8, 39
BFItem      3387, 342, 151926, C6:51:BC:E4:0A:00, -33, 8, 38
BFItem       208, 343, 152337, C6:0D:29:0E:D8:04, -42, 8, 39
BFItem      1525, 344, 152447, FF:1B:2F:FB:89:02, -26, 8, 37
BFItem      3388, 345, 152935, C6:51:BC:E4:0A:00, -42, 8, 39
BFItem       209, 346, 153341, C6:0D:29:0E:D8:04, -43, 8, 37
BFItem      1526, 347, 153458, FF:1B:2F:FB:89:02, -23, 8, 38
BFItem      3389, 348, 153938, C6:51:BC:E4:0A:00, -30, 8, 37
BFItem       210, 349, 154359, C6:0D:29:0E:D8:04, -50, 8, 38
BFItem      3390, 350, 154944, C6:51:BC:E4:0A:00, -33, 8, 38
BFItem      3391, 351, 155958, C6:51:BC:E4:0A:00, -43, 8, 39
BFItem       354, 352, 156722, D1:83:FE:03:9C:03, -45, 8, 38
BFItem      3392, 353, 156963, C6:51:BC:E4:0A:00, -30, 8, 37
BFItem       355, 354, 157736, D1:83:FE:03:9C:03, -34, 8, 39
BFItem       356, 355, 158739, D1:83:FE:03:9C:03, -35, 8, 37
BFItem      1637, 356, 158819, CD:2C:DF:8F:F4:01, -17, 8, 38
BFItem      1532, 357, 159526, FF:1B:2F:FB:89:02, -21, 8, 39
BFItem       357, 358, 159753, D1:83:FE:03:9C:03, -44, 8, 38
BFItem      1638, 359, 159830, CD:2C:DF:8F:F4:01, -19, 8, 39
BFItem      1533, 360, 160532, FF:1B:2F:FB:89:02, -26, 8, 37
BFItem       358, 361, 160758, D1:83:FE:03:9C:03, -34, 8, 39
BFItem       217, 362, 161421, C6:0D:29:0E:D8:04, -43, 8, 37
BFItem      1534, 363, 161542, FF:1B:2F:FB:89:02, -23, 8, 38
BFItem      1640, 364, 161849, CD:2C:DF:8F:F4:01, -17, 8, 38
BFItem      3397, 365, 162015, C6:51:BC:E4:0A:00, -30, 8, 37
BFItem       218, 366, 162431, C6:0D:29:0E:D8:04, -52, 8, 38
BFItem      1535, 367, 162553, FF:1B:2F:FB:89:02, -21, 8, 39
BFItem      1641, 368, 162855, CD:2C:DF:8F:F4:01, -19, 8, 39
BFItem      3398, 369, 163030, C6:51:BC:E4:0A:00, -33, 8, 38
BFItem       219, 370, 163445, C6:0D:29:0E:D8:04, -42, 8, 39
BFItem      1536, 371, 163557, FF:1B:2F:FB:89:02, -26, 8, 37
BFItem      1642, 372, 163858, CD:2C:DF:8F:F4:01, -18, 8, 37
BFItem      3399, 373, 164037, C6:51:BC:E4:0A:00, -42, 8, 39
BFItem      3400, 374, 165041, C6:51:BC:E4:0A:00, -30, 8, 37
BFItem       221, 375, 165463, C6:0D:29:0E:D8:04, -52, 8, 38
BFItem      3401, 376, 166055, C6:51:BC:E4:0A:00, -33, 8, 38
BFItem       365, 377, 167817, D1:83:FE:03:9C:03, -45, 8, 38
BFItem       366, 378, 168827, D1:83:FE:03:9C:03, -34, 8, 39
BFItem      1542, 379, 169625, FF:1B:2F:FB:89:02, -23, 8, 38
BFItem       367, 380, 169830, D1:83:FE:03:9C:03, -35, 8, 37
BFItem      1543, 381, 170631, FF:1B:2F:FB:89:02, -21, 8, 39
BFItem       368, 382, 170845, D1:83:FE:03:9C:03, -45, 8, 38
BFItem      1649, 383, 170919, CD:2C:DF:8F:F4:01, -19, 8, 39
BFItem      1544, 384, 171643, FF:1B:2F:FB:89:02, -26, 8, 37
BFItem       369, 385, 171857, D1:83:FE:03:9C:03, -34, 8, 39
BFItem      1650, 386, 171926, CD:2C:DF:8F:F4:01, -18, 8, 37
BFItem      3407, 387, 172121, C6:51:BC:E4:0A:00, -42, 8, 39
BFItem       228, 388, 172517, C6:0D:29:0E:D8:04, -43, 8, 37
BFItem      1651, 389, 172937, CD:2C:DF:8F:F4:01, -18, 8, 38
BFItem      3408, 390, 173132, C6:51:BC:E4:0A:00, -30, 8, 37
BFItem       229, 391, 173524, C6:0D:29:0E:D8:04, -51, 8, 38
BFItem      1546, 392, 173664, FF:1B:2F:FB:89:02, -21, 8, 39
BFItem      1652, 393, 173950, CD:2C:DF:8F:F4:01, -18, 8, 39
BFItem      3409, 394, 174147, C6:51:BC:E4:0A:00, -33, 8, 38
BFItem       230, 395, 174534, C6:0D:29:0E:D8:04, -42, 8, 39
BFItem      1653, 396, 174961, CD:2C:DF:8F:F4:01, -18, 8, 37
BFItem      3410, 397, 175160, C6:51:BC:E4:0A:00, -42, 8, 39
BFItem       231, 398, 175541, C6:0D:29:0E:D8:04, -46, 8, 37
BFItem       232, 399, 176547, C6:0D:29:0E:D8:04, -50, 8, 38
BFItem       233, 400, 177555, C6:0D:29:0E:D8:04, -43, 8, 39
BFItem       234, 401, 178563, C6:0D:29:0E:D8:04, -43, 8, 37
BFItem      1551, 402, 178718, FF:1B:2F:FB:89:02, -21, 8, 39
BFItem       377, 403, 179919, D1:83:FE:03:9C:03, -34, 8, 39
BFItem      1553, 404, 180740, FF:1B:2F:FB:89:02, -23, 8, 38
BFItem       378, 405, 180926, D1:83:FE:03:9C:03, -35, 8, 37
BFItem      1659, 406, 181015, CD:2C:DF:8F:F4:01, -17, 8, 38
BFItem      3416, 407, 181217, C6:51:BC:E4:0A:00, -30, 8, 37
BFItem       379, 408, 181939, D1:83:FE:03:9C:03, -44, 8, 38
BFItem      1660, 409, 182026, CD:2C:DF:8F:F4:01, -18, 8, 39
BFItem      3417, 410, 182233, C6:51:BC:E4:0A:00, -33, 8, 38
BFItem      1555, 411, 182758, FF:1B:2F:FB:89:02, -26, 8, 37
BFItem       380, 412, 182952, D1:83:FE:03:9C:03, -34, 8, 39
BFItem      1661, 413, 183034, CD:2C:DF:8F:F4:01, -18, 8, 37
BFItem       239, 414, 183622, C6:0D:29:0E:D8:04, -43, 8, 37
BFItem       381, 415, 183956, D1:83:FE:03:9C:03, -35, 8, 37
BFItem      1662, 416, 184041, CD:2C:DF:8F:F4:01, -17, 8, 38
BFItem      3419, 417, 184247, C6:51:BC:E4:0A:00, -30, 8, 37
BFItem       240, 418, 184631, C6:0D:29:0E:D8:04, -50, 8, 38
BFItem      1663, 419, 185048, CD:2C:DF:8F:F4:01, -19, 8, 39
BFItem      3420, 420, 185255, C6:51:BC:E4:0A:00, -33, 8, 38
BFItem       241, 421, 185647, C6:0D:29:0E:D8:04, -42, 8, 39
BFItem      1664, 422, 186059, CD:2C:DF:8F:F4:01, -18, 8, 37
BFItem       242, 423, 186654, C6:0D:29:0E:D8:04, -45, 8, 37
BFItem       243, 424, 187664, C6:0D:29:0E:D8:04, -50, 8, 38
BFItem       388, 425, 191017, D1:83:FE:03:9C:03, -34, 8, 39
BFItem      1564, 426, 191828, FF:1B:2F:FB:89:02, -23, 8, 38
BFItem       389, 427, 192030, D1:83:FE:03:9C:03, -35, 8, 37
BFItem      1670, 428, 192116, CD:2C:DF:8F:F4:01, -17, 8, 38
BFItem      3427, 429, 192316, C6:51:BC:E4:0A:00, -30, 8, 37
BFItem      1565, 430, 192833, FF:1B:2F:FB:89:02, -21, 8, 39
BFItem      1671, 431, 193129, CD:2C:DF:8F:F4:01, -19, 8, 39
BFItem      3428, 432, 193331, C6:51:BC:E4:0A:00, -33, 8, 38
BFItem      1566, 433, 193840, FF:1B:2F:FB:89:02, -26, 8, 37
BFItem       391, 434, 194049, D1:83:FE:03:9C:03, -34, 8, 39
BFItem      1672, 435, 194140, CD:2C:DF:8F:F4:01, -18, 8, 37
BFItem      3429, 436, 194343, C6:51:BC:E4:0A:00, -43, 8, 39
BFItem      1567, 437, 194853, FF:1B:2F:FB:89:02, -23, 8, 38
BFItem       392, 438, 195055, D1:83:FE:03:9C:03, -34, 8, 37
BFItem      1673, 439, 195152, CD:2C:DF:8F:F4:01, -17, 8, 38
BFItem      3430, 440, 195351, C6:51:BC:E4:0A:00, -30, 8, 37
BFItem       251, 441, 195724, C6:0D:29:0E:D8:04, -50, 8, 38
BFItem      3431, 442, 196358, C6:51:BC:E4:0A:00, -33, 8, 38
BFItem       252, 443, 196739, C6:0D:29:0E:D8:04, -42, 8, 39
BFItem       253, 444, 197751, C6:0D:29:0E:D8:04, -43, 8, 37
BFItem       254, 445, 198762, C6:0D:29:0E:D8:04, -50, 8, 38
BFItem       398, 446, 201125, D1:83:FE:03:9C:03, -45, 8, 38
BFItem      1574, 447, 201916, FF:1B:2F:FB:89:02, -26, 8, 37
BFItem      3437, 448, 202416, C6:51:BC:E4:0A:00, -43, 8, 39
BFItem      1575, 449, 202922, FF:1B:2F:FB:89:02, -23, 8, 38
BFItem       400, 450, 203151, D1:83:FE:03:9C:03, -34, 8, 37
BFItem      1681, 451, 203218, CD:2C:DF:8F:F4:01, -17, 8, 38
BFItem      3438, 452, 203427, C6:51:BC:E4:0A:00, -30, 8, 37
BFItem      1576, 453, 203934, FF:1B:2F:FB:89:02, -21, 8, 39
BFItem      1682, 454, 204225, CD:2C:DF:8F:F4:01, -18, 8, 39
BFItem      3439, 455, 204437, C6:51:BC:E4:0A:00, -33, 8, 38
BFItem       260, 456, 204819, C6:0D:29:0E:D8:04, -42, 8, 39
BFItem      1577, 457, 204947, FF:1B:2F:FB:89:02, -26, 8, 37
BFItem      1683, 458, 205230, CD:2C:DF:8F:F4:01, -18, 8, 37
BFItem      3440, 459, 205452, C6:51:BC:E4:0A:00, -43, 8, 39
BFItem       261, 460, 205822, C6:0D:29:0E:D8:04, -43, 8, 37
BFItem      1578, 461, 205959, FF:1B:2F:FB:89:02, -23, 8, 38
BFItem      1684, 462, 206244, CD:2C:DF:8F:F4:01, -18, 8, 38
BFItem      3441, 463, 206454, C6:51:BC:E4:0A:00, -30, 8, 37
BFItem       262, 464, 206831, C6:0D:29:0E:D8:04, -50, 8, 38
BFItem       263, 465, 207839, C6:0D:29:0E:D8:04, -42, 8, 39
BFItem      1686, 466, 208264, CD:2C:DF:8F:F4:01, -18, 8, 37
BFItem       264, 467, 208846, C6:0D:29:0E:D8:04, -43, 8, 37
BFItem       265, 468, 209854, C6:0D:29:0E:D8:04, -50, 8, 38
BFItem       407, 469, 210227, D1:83:FE:03:9C:03, -34, 8, 39
BFItem       408, 470, 211238, D1:83:FE:03:9C:03, -35, 8, 37
BFItem       409, 471, 212249, D1:83:FE:03:9C:03, -45, 8, 38
BFItem      1585, 472, 213019, FF:1B:2F:FB:89:02, -26, 8, 37
BFItem       410, 473, 213264, D1:83:FE:03:9C:03, -34, 8, 39
BFItem      1586, 474, 214029, FF:1B:2F:FB:89:02, -23, 8, 38
BFItem      1692, 475, 214317, CD:2C:DF:8F:F4:01, -17, 8, 38
BFItem      3449, 476, 214522, C6:51:BC:E4:0A:00, -30, 8, 37
BFItem      1587, 477, 215042, FF:1B:2F:FB:89:02, -21, 8, 39
BFItem      1693, 478, 215328, CD:2C:DF:8F:F4:01, -19, 8, 39
BFItem      3450, 479, 215536, C6:51:BC:E4:0A:00, -33, 8, 38
BFItem      1588, 480, 216052, FF:1B:2F:FB:89:02, -26, 8, 37
BFItem      1694, 481, 216335, CD:2C:DF:8F:F4:01, -18, 8, 37
BFItem      3451, 482, 216542, C6:51:BC:E4:0A:00, -43, 8, 39
BFItem      1695, 483, 217349, CD:2C:DF:8F:F4:01, -17, 8, 38
BFItem      3452, 484, 217550, C6:51:BC:E4:0A:00, -30, 8, 37
BFItem       273, 485, 217921, C6:0D:29:0E:D8:04, -50, 8, 38
BFItem      1696, 486, 218360, CD:2C:DF:8F:F4:01, -19, 8, 39
BFItem      3453, 487, 218556, C6:51:BC:E4:0A:00, -33, 8, 38
BFItem       274, 488, 218934, C6:0D:29:0E:D8:04, -42, 8, 39
BFItem       275, 489, 219942, C6:0D:29:0E:D8:04, -43, 8, 37
BFItem       417, 490, 220320, D1:83:FE:03:9C:03, -45, 8, 38
BFItem       276, 491, 220957, C6:0D:29:0E:D8:04, -49, 8, 38
BFItem       418, 492, 221330, D1:83:FE:03:9C:03, -34, 8, 39
BFItem       419, 493, 222338, D1:83:FE:03:9C:03, -35, 8, 37
BFItem      1595, 494, 223123, FF:1B:2F:FB:89:02, -21, 8, 39
BFItem       420, 495, 223346, D1:83:FE:03:9C:03, -45, 8, 38
BFItem      1596, 496, 224129, FF:1B:2F:FB:89:02, -26, 8, 37
BFItem       421, 497, 224354, D1:83:FE:03:9C:03, -34, 8, 39
BFItem      1597, 498, 225137, FF:1B:2F:FB:89:02, -23, 8, 38
BFItem       422, 499, 225360, D1:83:FE:03:9C:03, -34, 8, 37
BFItem      1703, 500, 225425, CD:2C:DF:8F:F4:01, -17, 8, 38
BFItem      3460, 501, 225623, C6:51:BC:E4:0A:00, -30, 8, 37
BFItem      1598, 502, 226146, FF:1B:2F:FB:89:02, -21, 8, 39
BFItem      1704, 503, 226440, CD:2C:DF:8F:F4:01, -19, 8, 39
BFItem      3461, 504, 226628, C6:51:BC:E4:0A:00, -33, 8, 38
BFItem       282, 505, 227015, C6:0D:29:0E:D8:04, -44, 8, 39
BFItem      1599, 506, 227152, FF:1B:2F:FB:89:02, -26, 8, 37
BFItem      1705, 507, 227449, CD:2C:DF:8F:F4:01, -18, 8, 37
BFItem      3462, 508, 227638, C6:51:BC:E4:0A:00, -43, 8, 39
BFItem       283, 509, 228027, C6:0D:29:0E:D8:04, -44, 8, 37
BFItem      1600, 510, 228162, FF:1B:2F:FB:89:02, -23, 8, 38
BFItem      1706, 511, 228458, CD:2C:DF:8F:F4:01, -18, 8, 38
BFItem      3463, 512, 228647, C6:51:BC:E4:0A:00, -30, 8, 37
BFItem       284, 513, 229033, C6:0D:29:0E:D8:04, -50, 8, 38
BFItem      3464, 514, 229662, C6:51:BC:E4:0A:00, -33, 8, 38
BFItem       285, 515, 230038, C6:0D:29:0E:D8:04, -42, 8, 39
BFItem       286, 516, 231045, C6:0D:29:0E:D8:04, -43, 8, 37
BFItem       287, 517, 232053, C6:0D:29:0E:D8:04, -50, 8, 38
BFItem       429, 518, 232421, D1:83:FE:03:9C:03, -34, 8, 39
BFItem       288, 519, 233058, C6:0D:29:0E:D8:04, -41, 8, 39
BFItem      1605, 520, 233215, FF:1B:2F:FB:89:02, -23, 8, 38
BFItem       430, 521, 233424, D1:83:FE:03:9C:03, -35, 8, 37
BFItem      1606, 522, 234224, FF:1B:2F:FB:89:02, -21, 8, 39
BFItem       431, 523, 234437, D1:83:FE:03:9C:03, -45, 8, 38
BFItem      1607, 524, 235228, FF:1B:2F:FB:89:02, -26, 8, 37
BFItem       432, 525, 235451, D1:83:FE:03:9C:03, -34, 8, 39
BFItem      1713, 526, 235519, CD:2C:DF:8F:F4:01, -18, 8, 37
BFItem      3470, 527, 235723, C6:51:BC:E4:0A:00, -44, 8, 39
BFItem      1608, 528, 236243, FF:1B:2F:FB:89:02, -23, 8, 38
BFItem       433, 529, 236455, D1:83:FE:03:9C:03, -34, 8, 37
BFItem      1714, 530, 236532, CD:2C:DF:8F:F4:01, -17, 8, 38
BFItem      3471, 531, 236729, C6:51:BC:E4:0A:00, -30, 8, 37
BFItem      1609, 532, 237256, FF:1B:2F:FB:89:02, -21, 8, 39
BFItem       434, 533, 237463, D1:83:FE:03:9C:03, -45, 8, 38
BFItem      1715, 534, 237537, CD:2C:DF:8F:F4:01, -19, 8, 39
BFItem      3472, 535, 237744, C6:51:BC:E4:0A:00, -33, 8, 38
BFItem      1610, 536, 238263, FF:1B:2F:FB:89:02, -26, 8, 37
BFItem      1716, 537, 238542, CD:2C:DF:8F:F4:01, -18, 8, 37
BFItem      3473, 538, 238753, C6:51:BC:E4:0A:00, -42, 8, 39
BFItem      1717, 539, 239548, CD:2C:DF:8F:F4:01, -17, 8, 38
BFItem      3474, 540, 239764, C6:51:BC:E4:0A:00, -30, 8, 37
BFItem       295, 541, 240121, C6:0D:29:0E:D8:04, -50, 8, 38
BFItem      1718, 542, 240561, CD:2C:DF:8F:F4:01, -19, 8, 39
BFItem       296, 543, 241129, C6:0D:29:0E:D8:04, -42, 8, 39
BFItem       297, 544, 242133, C6:0D:29:0E:D8:04, -43, 8, 37
BFItem       440, 545, 243519, D1:83:FE:03:9C:03, -34, 8, 39
BFItem       299, 546, 244157, C6:0D:29:0E:D8:04, -42, 8, 39
BFItem       441, 547, 244530, D1:83:FE:03:9C:03, -35, 8, 37
BFItem       300, 548, 245161, C6:0D:29:0E:D8:04, -43, 8, 37
BFItem      1617, 549, 245321, FF:1B:2F:FB:89:02, -21, 8, 39
BFItem       442, 550, 245537, D1:83:FE:03:9C:03, -45, 8, 38
BFItem      1618, 551, 246324, FF:1B:2F:FB:89:02, -26, 8, 37
BFItem       443, 552, 246550, D1:83:FE:03:9C:03, -34, 8, 39
BFItem      1724, 553, 246617, CD:2C:DF:8F:F4:01, -18, 8, 37
BFItem      3481, 554, 246823, C6:51:BC:E4:0A:00, -43, 8, 39
BFItem      1619, 555, 247337, FF:1B:2F:FB:89:02, -23, 8, 38
BFItem       444, 556, 247563, D1:83:FE:03:9C:03, -34, 8, 37
BFItem      1725, 557, 247627, CD:2C:DF:8F:F4:01, -17, 8, 38
BFItem      3482, 558, 247833, C6:51:BC:E4:0A:00, -30, 8, 37
BFItem      1620, 559, 248343, FF:1B:2F:FB:89:02, -21, 8, 39
BFItem      1726, 560, 248641, CD:2C:DF:8F:F4:01, -18, 8, 39
BFItem      3483, 561, 248848, C6:51:BC:E4:0A:00, -33, 8, 38
BFItem      1621, 562, 249346, FF:1B:2F:FB:89:02, -26, 8, 37
BFItem      1727, 563, 249647, CD:2C:DF:8F:F4:01, -18, 8, 37
BFItem       305, 564, 250217, C6:0D:29:0E:D8:04, -42, 8, 37
BFItem      1622, 565, 250356, FF:1B:2F:FB:89:02, -23, 8, 38
BFItem      1728, 566, 250657, CD:2C:DF:8F:F4:01, -17, 8, 38
BFItem      3485, 567, 250860, C6:51:BC:E4:0A:00, -30, 8, 37
BFItem       306, 568, 251230, C6:0D:29:0E:D8:04, -49, 8, 38
BFItem       307, 569, 252245, C6:0D:29:0E:D8:04, -43, 8, 39
BFItem       449, 570, 252616, D1:83:FE:03:9C:03, -34, 8, 37
BFItem       308, 571, 253249, C6:0D:29:0E:D8:04, -43, 8, 37
BFItem       450, 572, 253628, D1:83:FE:03:9C:03, -45, 8, 38
BFItem       309, 573, 254258, C6:0D:29:0E:D8:04, -48, 8, 38
BFItem       451, 574, 254640, D1:83:FE:03:9C:03, -34, 8, 39
BFItem       452, 575, 255645, D1:83:FE:03:9C:03, -34, 8, 37
BFItem       453, 576, 256661, D1:83:FE:03:9C:03, -45, 8, 38
BFItem      3491, 577, 256920, C6:51:BC:E4:0A:00, -33, 8, 38
BFItem      1735, 578, 257717, CD:2C:DF:8F:F4:01, -18, 8, 37
BFItem      1630, 579, 258425, FF:1B:2F:FB:89:02, -23, 8, 38
BFItem      1736, 580, 258724, CD:2C:DF:8F:F4:01, -17, 8, 38
BFItem      3493, 581, 258936, C6:51:BC:E4:0A:00, -30, 8, 37
BFItem      1631, 582, 259431, FF:1B:2F:FB:89:02, -21, 8, 39
BFItem      1737, 583, 259736, CD:2C:DF:8F:F4:01, -19, 8, 39
BFItem      3494, 584, 259944, C6:51:BC:E4:0A:00, -33, 8, 38
BFItem      1632, 585, 260433, FF:1B:2F:FB:89:02, -26, 8, 37
BFItem      1738, 586, 260746, CD:2C:DF:8F:F4:01, -18, 8, 37
BFItem      3495, 587, 260955, C6:51:BC:E4:0A:00, -43, 8, 39
BFItem       316, 588, 261323, C6:0D:29:0E:D8:04, -42, 8, 37
BFItem      1633, 589, 261440, FF:1B:2F:FB:89:02, -23, 8, 38
BFItem      1739, 590, 261758, CD:2C:DF:8F:F4:01, -17, 8, 38
BFItem      3496, 591, 261962, C6:51:BC:E4:0A:00, -30, 8, 37
BFItem       317, 592, 262332, C6:0D:29:0E:D8:04, -54, 8, 38
BFItem      1634, 593, 262446, FF:1B:2F:FB:89:02, -21, 8, 39
BFItem       459, 594, 262720, D1:83:FE:03:9C:03, -34, 8, 39
BFItem      1635, 595, 263452, FF:1B:2F:FB:89:02, -26, 8, 37
BFItem       460, 596, 263726, D1:83:FE:03:9C:03, -34, 8, 37
BFItem       319, 597, 264347, C6:0D:29:0E:D8:04, -44, 8, 37
BFItem       461, 598, 264741, D1:83:FE:03:9C:03, -43, 8, 38
BFItem       320, 599, 265360, C6:0D:29:0E:D8:04, -47, 8, 38
BFItem       462, 600, 265749, D1:83:FE:03:9C:03, -34, 8, 39
BFItem       463, 601, 266753, D1:83:FE:03:9C:03, -35, 8, 37
BFItem      1744, 602, 266815, CD:2C:DF:8F:F4:01, -17, 8, 38
BFItem       464, 603, 267761, D1:83:FE:03:9C:03, -45, 8, 38
BFItem      1745, 604, 267823, CD:2C:DF:8F:F4:01, -19, 8, 39
BFItem      3502, 605, 268020, C6:51:BC:E4:0A:00, -33, 8, 38
BFItem      1746, 606, 268834, CD:2C:DF:8F:F4:01, -18, 8, 37
BFItem      3503, 607, 269031, C6:51:BC:E4:0A:00, -42, 8, 39
BFItem      1747, 608, 269842, CD:2C:DF:8F:F4:01, -17, 8, 38
BFItem      3504, 609, 270041, C6:51:BC:E4:0A:00, -30, 8, 37
BFItem      1642, 610, 270517, FF:1B:2F:FB:89:02, -21, 8, 39
BFItem      1748, 611, 270851, CD:2C:DF:8F:F4:01, -19, 8, 39
BFItem      3505, 612, 271050, C6:51:BC:E4:0A:00, -33, 8, 38
BFItem       326, 613, 271416, C6:0D:29:0E:D8:04, -42, 8, 39
BFItem      1643, 614, 271529, FF:1B:2F:FB:89:02, -26, 8, 37
BFItem      1749, 615, 271858, CD:2C:DF:8F:F4:01, -18, 8, 37
BFItem       327, 616, 272422, C6:0D:29:0E:D8:04, -42, 8, 37
BFItem      1644, 617, 272541, FF:1B:2F:FB:89:02, -23, 8, 38
BFItem       328, 618, 273437, C6:0D:29:0E:D8:04, -48, 8, 38
BFItem      1645, 619, 273552, FF:1B:2F:FB:89:02, -21, 8, 39
BFItem       470, 620, 273815, D1:83:FE:03:9C:03, -34, 8, 39
BFItem       329, 621, 274450, C6:0D:29:0E:D8:04, -43, 8, 39
BFItem      1646, 622, 274557, FF:1B:2F:FB:89:02, -26, 8, 37
BFItem       471, 623, 274818, D1:83:FE:03:9C:03, -35, 8, 37
BFItem       330, 624, 275461, C6:0D:29:0E:D8:04, -44, 8, 37
BFItem       472, 625, 275830, D1:83:FE:03:9C:03, -46, 8, 38
BFItem       473, 626, 276835, D1:83:FE:03:9C:03, -37, 8, 39
BFItem       474, 627, 277839, D1:83:FE:03:9C:03, -35, 8, 37
BFItem      3512, 628, 278123, C6:51:BC:E4:0A:00, -30, 8, 37
BFItem       475, 629, 278853, D1:83:FE:03:9C:03, -45, 8, 38
BFItem      1756, 630, 278916, CD:2C:DF:8F:F4:01, -18, 8, 39
BFItem      3513, 631, 279137, C6:51:BC:E4:0A:00, -33, 8, 38
BFItem      1757, 632, 279922, CD:2C:DF:8F:F4:01, -18, 8, 37
BFItem      3514, 633, 280151, C6:51:BC:E4:0A:00, -42, 8, 39
BFItem      1652, 634, 280621, FF:1B:2F:FB:89:02, -23, 8, 38
BFItem      1758, 635, 280930, CD:2C:DF:8F:F4:01, -18, 8, 38
BFItem      3515, 636, 281158, C6:51:BC:E4:0A:00, -30, 8, 37
BFItem      1653, 637, 281632, FF:1B:2F:FB:89:02, -21, 8, 39
BFItem      1759, 638, 281942, CD:2C:DF:8F:F4:01, -18, 8, 39
BFItem       337, 639, 282518, C6:0D:29:0E:D8:04, -47, 8, 39
BFItem      1654, 640, 282640, FF:1B:2F:FB:89:02, -26, 8, 37
BFItem      1760, 641, 282948, CD:2C:DF:8F:F4:01, -18, 8, 37
BFItem       338, 642, 283531, C6:0D:29:0E:D8:04, -43, 8, 37
BFItem      1655, 643, 283651, FF:1B:2F:FB:89:02, -23, 8, 38
BFItem      1761, 644, 283958, CD:2C:DF:8F:F4:01, -18, 8, 38
BFItem       339, 645, 284541, C6:0D:29:0E:D8:04, -49, 8, 38
BFItem      1656, 646, 284658, FF:1B:2F:FB:89:02, -21, 8, 39
BFItem       340, 647, 285557, C6:0D:29:0E:D8:04, -42, 8, 39
BFItem      1657, 648, 285665, FF:1B:2F:FB:89:02, -26, 8, 37
BFItem       484, 649, 287921, D1:83:FE:03:9C:03, -34, 8, 39
BFItem      3522, 650, 288220, C6:51:BC:E4:0A:00, -43, 8, 39
BFItem       485, 651, 288931, D1:83:FE:03:9C:03, -34, 8, 37
BFItem      3523, 652, 289227, C6:51:BC:E4:0A:00, -30, 8, 37
BFItem       486, 653, 289942, D1:83:FE:03:9C:03, -45, 8, 38
BFItem      3524, 654, 290243, C6:51:BC:E4:0A:00, -33, 8, 38
BFItem       487, 655, 290949, D1:83:FE:03:9C:03, -34, 8, 39
BFItem      3525, 656, 291250, C6:51:BC:E4:0A:00, -42, 8, 39
BFItem       488, 657, 291954, D1:83:FE:03:9C:03, -37, 8, 37
BFItem      1769, 658, 292025, CD:2C:DF:8F:F4:01, -17, 8, 38
BFItem      3526, 659, 292257, C6:51:BC:E4:0A:00, -30, 8, 37
BFItem       347, 660, 292625, C6:0D:29:0E:D8:04, -49, 8, 38
BFItem      1664, 661, 292719, FF:1B:2F:FB:89:02, -21, 8, 39
BFItem       489, 662, 292964, D1:83:FE:03:9C:03, -44, 8, 38
BFItem      1770, 663, 293031, CD:2C:DF:8F:F4:01, -19, 8, 39
BFItem       348, 664, 293638, C6:0D:29:0E:D8:04, -42, 8, 39
BFItem      1665, 665, 293725, FF:1B:2F:FB:89:02, -26, 8, 37
BFItem       349, 666, 294647, C6:0D:29:0E:D8:04, -44, 8, 37
BFItem      1666, 667, 294734, FF:1B:2F:FB:89:02, -23, 8, 38
BFItem      1772, 668, 295042, CD:2C:DF:8F:F4:01, -18, 8, 38
BFItem      1667, 669, 295746, FF:1B:2F:FB:89:02, -21, 8, 39
BFItem      1773, 670, 296053, CD:2C:DF:8F:F4:01, -19, 8, 39
BFItem      1774, 671, 297061, CD:2C:DF:8F:F4:01, -18, 8, 37
BFItem      1669, 672, 297764, FF:1B:2F:FB:89:02, -23, 8, 38
BFItem      3532, 673, 298321, C6:51:BC:E4:0A:00, -33, 8, 38
BFItem       495, 674, 299018, D1:83:FE:03:9C:03, -34, 8, 39
BFItem      3533, 675, 299332, C6:51:BC:E4:0A:00, -43, 8, 39
BFItem       496, 676, 300021, D1:83:FE:03:9C:03, -35, 8, 37
BFItem      3534, 677, 300338, C6:51:BC:E4:0A:00, -30, 8, 37
BFItem       497, 678, 301032, D1:83:FE:03:9C:03, -45, 8, 38
BFItem      3535, 679, 301343, C6:51:BC:E4:0A:00, -33, 8, 38
BFItem       356, 680, 301719, C6:0D:29:0E:D8:04, -42, 8, 39
BFItem       498, 681, 302040, D1:83:FE:03:9C:03, -34, 8, 39
BFItem      3536, 682, 302358, C6:51:BC:E4:0A:00, -42, 8, 39
BFItem       357, 683, 302721, C6:0D:29:0E:D8:04, -44, 8, 37
BFItem      1674, 684, 302821, FF:1B:2F:FB:89:02, -23, 8, 38
BFItem       499, 685, 303044, D1:83:FE:03:9C:03, -35, 8, 37
BFItem       358, 686, 303732, C6:0D:29:0E:D8:04, -49, 8, 38
BFItem      1675, 687, 303833, FF:1B:2F:FB:89:02, -21, 8, 39
BFItem       500, 688, 304055, D1:83:FE:03:9C:03, -45, 8, 38
BFItem      1781, 689, 304126, CD:2C:DF:8F:F4:01, -19, 8, 39
BFItem       359, 690, 304740, C6:0D:29:0E:D8:04, -47, 8, 39
BFItem      1676, 691, 304839, FF:1B:2F:FB:89:02, -26, 8, 37
BFItem      1782, 692, 305130, CD:2C:DF:8F:F4:01, -18, 8, 37
BFItem       360, 693, 305749, C6:0D:29:0E:D8:04, -44, 8, 37
BFItem      1677, 694, 305852, FF:1B:2F:FB:89:02, -23, 8, 38
BFItem      1783, 695, 306141, CD:2C:DF:8F:F4:01, -17, 8, 38
BFItem       361, 696, 306760, C6:0D:29:0E:D8:04, -49, 8, 38
BFItem      1678, 697, 306862, FF:1B:2F:FB:89:02, -21, 8, 39
BFItem      1784, 698, 307157, CD:2C:DF:8F:F4:01, -19, 8, 39
BFItem      3543, 699, 309421, C6:51:BC:E4:0A:00, -33, 8, 38
BFItem       506, 700, 310117, D1:83:FE:03:9C:03, -34, 8, 39
BFItem      3544, 701, 310426, C6:51:BC:E4:0A:00, -42, 8, 39
BFItem       507, 702, 311122, D1:83:FE:03:9C:03, -36, 8, 37
BFItem       508, 703, 312127, D1:83:FE:03:9C:03, -44, 8, 38
BFItem      3546, 704, 312438, C6:51:BC:E4:0A:00, -33, 8, 38
BFItem      1684, 705, 312922, FF:1B:2F:FB:89:02, -26, 8, 37
BFItem       509, 706, 313133, D1:83:FE:03:9C:03, -34, 8, 39
BFItem      1790, 707, 313221, CD:2C:DF:8F:F4:01, -18, 8, 37
BFItem      3547, 708, 313451, C6:51:BC:E4:0A:00, -42, 8, 39
BFItem       368, 709, 313824, C6:0D:29:0E:D8:04, -44, 8, 37
BFItem      1685, 710, 313934, FF:1B:2F:FB:89:02, -23, 8, 38
BFItem       510, 711, 314137, D1:83:FE:03:9C:03, -35, 8, 37
BFItem      1791, 712, 314227, CD:2C:DF:8F:F4:01, -17, 8, 38
BFItem      3548, 713, 314459, C6:51:BC:E4:0A:00, -30, 8, 37
BFItem       369, 714, 314833, C6:0D:29:0E:D8:04, -50, 8, 38
BFItem      1686, 715, 314943, FF:1B:2F:FB:89:02, -21, 8, 39
BFItem       511, 716, 315153, D1:83:FE:03:9C:03, -45, 8, 38
BFItem      1792, 717, 315237, CD:2C:DF:8F:F4:01, -19, 8, 39
BFItem      1793, 718, 316250, CD:2C:DF:8F:F4:01, -18, 8, 37
BFItem       371, 719, 316849, C6:0D:29:0E:D8:04, -47, 8, 37
BFItem      1688, 720, 316961, FF:1B:2F:FB:89:02, -23, 8, 38
BFItem      1794, 721, 317259, CD:2C:DF:8F:F4:01, -17, 8, 38
BFItem       372, 722, 317860, C6:0D:29:0E:D8:04, -50, 8, 38
BFItem       517, 723, 321218, D1:83:FE:03:9C:03, -34, 8, 39
BFItem      3555, 724, 321521, C6:51:BC:E4:0A:00, -44, 8, 39
BFItem       518, 725, 322225, D1:83:FE:03:9C:03, -34, 8, 37
BFItem      3556, 726, 322531, C6:51:BC:E4:0A:00, -30, 8, 37
BFItem       519, 727, 323239, D1:83:FE:03:9C:03, -45, 8, 38
BFItem      1800, 728, 323318, CD:2C:DF:8F:F4:01, -19, 8, 39
BFItem      3557, 729, 323545, C6:51:BC:E4:0A:00, -34, 8, 38
BFItem       378, 730, 323924, C6:0D:29:0E:D8:04, -49, 8, 39
BFItem      1695, 731, 324017, FF:1B:2F:FB:89:02, -26, 8, 37
BFItem       520, 732, 324248, D1:83:FE:03:9C:03, -34, 8, 39
BFItem      1801, 733, 324330, CD:2C:DF:8F:F4:01, -18, 8, 37
BFItem      3558, 734, 324552, C6:51:BC:E4:0A:00, -46, 8, 39
BFItem       379, 735, 324931, C6:0D:29:0E:D8:04, -42, 8, 37
BFItem      1696, 736, 325023, FF:1B:2F:FB:89:02, -23, 8, 38
BFItem       521, 737, 325250, D1:83:FE:03:9C:03, -34, 8, 37
BFItem      1802, 738, 325339, CD:2C:DF:8F:F4:01, -17, 8, 38
BFItem      3559, 739, 325558, C6:51:BC:E4:0A:00, -30, 8, 37
BFItem      1697, 740, 326030, FF:1B:2F:FB:89:02, -21, 8, 39
BFItem       522, 741, 326263, D1:83:FE:03:9C:03, -45, 8, 38
BFItem      1803, 742, 326345, CD:2C:DF:8F:F4:01, -18, 8, 39
BFItem       381, 743, 326954, C6:0D:29:0E:D8:04, -44, 8, 39
BFItem      1698, 744, 327034, FF:1B:2F:FB:89:02, -26, 8, 37
BFItem      1804, 745, 327349, CD:2C:DF:8F:F4:01, -18, 8, 37
BFItem       382, 746, 327958, C6:0D:29:0E:D8:04, -42, 8, 37
BFItem      1699, 747, 328042, FF:1B:2F:FB:89:02, -23, 8, 38
BFItem      1805, 748, 328359, CD:2C:DF:8F:F4:01, -17, 8, 38
BFItem      1700, 749, 329055, FF:1B:2F:FB:89:02, -21, 8, 39
BFItem      1701, 750, 330060, FF:1B:2F:FB:89:02, -26, 8, 37
BFItem       527, 751, 331328, D1:83:FE:03:9C:03, -44, 8, 38
BFItem      3565, 752, 331621, C6:51:BC:E4:0A:00, -33, 8, 38
BFItem       528, 753, 332337, D1:83:FE:03:9C:03, -37, 8, 39
BFItem      3566, 754, 332627, C6:51:BC:E4:0A:00, -42, 8, 39
BFItem       529, 755, 333345, D1:83:FE:03:9C:03, -34, 8, 37
BFItem      3567, 756, 333632, C6:51:BC:E4:0A:00, -30, 8, 37
BFItem       388, 757, 334023, C6:0D:29:0E:D8:04, -48, 8, 38
BFItem      3568, 758, 334642, C6:51:BC:E4:0A:00, -34, 8, 38
BFItem       389, 759, 335030, C6:0D:29:0E:D8:04, -42, 8, 39
BFItem       531, 760, 335364, D1:83:FE:03:9C:03, -34, 8, 39
BFItem      1812, 761, 335426, CD:2C:DF:8F:F4:01, -18, 8, 37
BFItem      3569, 762, 335656, C6:51:BC:E4:0A:00, -42, 8, 39
BFItem       390, 763, 336034, C6:0D:29:0E:D8:04, -42, 8, 37
